id,raw_date,day_key
5728177917,2026-05-15,5728177917_2026-05-15
5723861475,2026-05-15,5723861475_2026-05-15
5716841379,2026-05-15,5716841379_2026-05-15
5710686417,2026-05-15,5710686417_2026-05-15
5705345960,2026-05-15,5705345960_2026-05-15
5705311422,2026-05-15,5705311422_2026-05-15
5697414865,2026-05-15,5697414865_2026-05-15
5697060529,2026-05-15,5697060529_2026-05-15
5730052565,2026-05-15,5730052565_2026-05-15
5728157665,2026-05-15,5728157665_2026-05-15
5726715462,2026-05-15,5726715462_2026-05-15
5723913187,2026-05-15,5723913187_2026-05-15
5721492972,2026-05-15,5721492972_2026-05-15
5721288319,2026-05-15,5721288319_2026-05-15
5720694426,2026-05-15,5720694426_2026-05-15
5720102378,2026-05-15,5720102378_2026-05-15
5715161255,2026-05-15,5715161255_2026-05-15
5709539041,2026-05-15,5709539041_2026-05-15
5709535015,2026-05-15,5709535015_2026-05-15
5708927300,2026-05-15,5708927300_2026-05-15
5706545739,2026-05-15,5706545739_2026-05-15
5704672881,2026-05-15,5704672881_2026-05-15
5704174529,2026-05-15,5704174529_2026-05-15
5696832011,2026-05-15,5696832011_2026-05-15
5696225768,2026-05-15,5696225768_2026-05-15
5696225474,2026-05-15,5696225474_2026-05-15
5695648930,2026-05-15,5695648930_2026-05-15
5686776247,2026-05-15,5686776247_2026-05-15
5686637983,2026-05-15,5686637983_2026-05-15
5679982560,2026-05-15,5679982560_2026-05-15
5679830754,2026-05-15,5679830754_2026-05-15
5679827095,2026-05-15,5679827095_2026-05-15
5679730638,2026-05-15,5679730638_2026-05-15
5679730624,2026-05-15,5679730624_2026-05-15
5679730627,2026-05-15,5679730627_2026-05-15
5679709482,2026-05-15,5679709482_2026-05-15
5679709490,2026-05-15,5679709490_2026-05-15
5675390745,2026-05-15,5675390745_2026-05-15
5675390760,2026-05-15,5675390760_2026-05-15
5675390707,2026-05-15,5675390707_2026-05-15
5675390720,2026-05-15,5675390720_2026-05-15
5674419695,2026-05-15,5674419695_2026-05-15
5668187068,2026-05-15,5668187068_2026-05-15
5665573200,2026-05-15,5665573200_2026-05-15
5661700267,2026-05-15,5661700267_2026-05-15
5655195272,2026-05-15,5655195272_2026-05-15
5641300567,2026-05-15,5641300567_2026-05-15
5589903901,2026-05-15,5589903901_2026-05-15
5549197295,2026-05-15,5549197295_2026-05-15
5722158076,2026-05-15,5722158076_2026-05-15
5709488016,2026-05-15,5709488016_2026-05-15
5487693705,2026-05-15,5487693705_2026-05-15
5472371029,2026-05-15,5472371029_2026-05-15
5398528750,2026-05-15,5398528750_2026-05-15
4791447253,2026-05-15,4791447253_2026-05-15
5728177917,2026-05-16,5728177917_2026-05-16
5723861475,2026-05-16,5723861475_2026-05-16
5710686417,2026-05-16,5710686417_2026-05-16
5705345960,2026-05-16,5705345960_2026-05-16
5705311422,2026-05-16,5705311422_2026-05-16
5697414865,2026-05-16,5697414865_2026-05-16
5697060529,2026-05-16,5697060529_2026-05-16
5730150641,2026-05-16,5730150641_2026-05-16
5730052565,2026-05-16,5730052565_2026-05-16
5728157665,2026-05-16,5728157665_2026-05-16
5726715462,2026-05-16,5726715462_2026-05-16
5723913187,2026-05-16,5723913187_2026-05-16
5721492972,2026-05-16,5721492972_2026-05-16
5721288319,2026-05-16,5721288319_2026-05-16
5720694426,2026-05-16,5720694426_2026-05-16
5720102378,2026-05-16,5720102378_2026-05-16
5715161255,2026-05-16,5715161255_2026-05-16
5709539041,2026-05-16,5709539041_2026-05-16
5709535015,2026-05-16,5709535015_2026-05-16
5708927300,2026-05-16,5708927300_2026-05-16
5706545739,2026-05-16,5706545739_2026-05-16
5704672881,2026-05-16,5704672881_2026-05-16
5704174529,2026-05-16,5704174529_2026-05-16
5702611996,2026-05-16,5702611996_2026-05-16
5696832011,2026-05-16,5696832011_2026-05-16
5696225768,2026-05-16,5696225768_2026-05-16
5696225474,2026-05-16,5696225474_2026-05-16
5695728338,2026-05-16,5695728338_2026-05-16
5695648930,2026-05-16,5695648930_2026-05-16
5686776247,2026-05-16,5686776247_2026-05-16
5686637983,2026-05-16,5686637983_2026-05-16
5680361858,2026-05-16,5680361858_2026-05-16
5680358111,2026-05-16,5680358111_2026-05-16
5679982560,2026-05-16,5679982560_2026-05-16
5679830754,2026-05-16,5679830754_2026-05-16
5679827095,2026-05-16,5679827095_2026-05-16
5679730638,2026-05-16,5679730638_2026-05-16
5679730624,2026-05-16,5679730624_2026-05-16
5679730627,2026-05-16,5679730627_2026-05-16
5679709482,2026-05-16,5679709482_2026-05-16
5679709490,2026-05-16,5679709490_2026-05-16
5675390745,2026-05-16,5675390745_2026-05-16
5675390760,2026-05-16,5675390760_2026-05-16
5675390707,2026-05-16,5675390707_2026-05-16
5675390720,2026-05-16,5675390720_2026-05-16
5674419695,2026-05-16,5674419695_2026-05-16
5668187068,2026-05-16,5668187068_2026-05-16
5665573200,2026-05-16,5665573200_2026-05-16
5661700267,2026-05-16,5661700267_2026-05-16
5655195272,2026-05-16,5655195272_2026-05-16
5641300567,2026-05-16,5641300567_2026-05-16
5589903901,2026-05-16,5589903901_2026-05-16
5549197295,2026-05-16,5549197295_2026-05-16
5722158076,2026-05-16,5722158076_2026-05-16
5709488016,2026-05-16,5709488016_2026-05-16
5487693705,2026-05-16,5487693705_2026-05-16
5472371029,2026-05-16,5472371029_2026-05-16
5398528750,2026-05-16,5398528750_2026-05-16
4791447253,2026-05-16,4791447253_2026-05-16
5728177917,2026-05-17,5728177917_2026-05-17
5723861475,2026-05-17,5723861475_2026-05-17
5710686417,2026-05-17,5710686417_2026-05-17
5705345960,2026-05-17,5705345960_2026-05-17
5705311422,2026-05-17,5705311422_2026-05-17
5697414865,2026-05-17,5697414865_2026-05-17
5697060529,2026-05-17,5697060529_2026-05-17
5730150641,2026-05-17,5730150641_2026-05-17
5730052565,2026-05-17,5730052565_2026-05-17
5728157665,2026-05-17,5728157665_2026-05-17
5726715462,2026-05-17,5726715462_2026-05-17
5723913187,2026-05-17,5723913187_2026-05-17
5721492972,2026-05-17,5721492972_2026-05-17
5721288319,2026-05-17,5721288319_2026-05-17
5720694426,2026-05-17,5720694426_2026-05-17
5720102378,2026-05-17,5720102378_2026-05-17
5715161255,2026-05-17,5715161255_2026-05-17
5709539041,2026-05-17,5709539041_2026-05-17
5709535015,2026-05-17,5709535015_2026-05-17
5708927300,2026-05-17,5708927300_2026-05-17
5706545739,2026-05-17,5706545739_2026-05-17
5704672881,2026-05-17,5704672881_2026-05-17
5704174529,2026-05-17,5704174529_2026-05-17
5696832011,2026-05-17,5696832011_2026-05-17
5696225474,2026-05-17,5696225474_2026-05-17
5695648930,2026-05-17,5695648930_2026-05-17
5686776247,2026-05-17,5686776247_2026-05-17
5686637983,2026-05-17,5686637983_2026-05-17
5679982560,2026-05-17,5679982560_2026-05-17
5679830754,2026-05-17,5679830754_2026-05-17
5679827095,2026-05-17,5679827095_2026-05-17
5679730638,2026-05-17,5679730638_2026-05-17
5679730624,2026-05-17,5679730624_2026-05-17
5679730627,2026-05-17,5679730627_2026-05-17
5679709482,2026-05-17,5679709482_2026-05-17
5679709490,2026-05-17,5679709490_2026-05-17
5675390745,2026-05-17,5675390745_2026-05-17
5675390760,2026-05-17,5675390760_2026-05-17
5675390707,2026-05-17,5675390707_2026-05-17
5675390720,2026-05-17,5675390720_2026-05-17
5674419695,2026-05-17,5674419695_2026-05-17
5668187068,2026-05-17,5668187068_2026-05-17
5665573200,2026-05-17,5665573200_2026-05-17
5661700267,2026-05-17,5661700267_2026-05-17
5655195272,2026-05-17,5655195272_2026-05-17
5641300567,2026-05-17,5641300567_2026-05-17
5589903901,2026-05-17,5589903901_2026-05-17
5549197295,2026-05-17,5549197295_2026-05-17
5722158076,2026-05-17,5722158076_2026-05-17
5709488016,2026-05-17,5709488016_2026-05-17
5487693705,2026-05-17,5487693705_2026-05-17
5472371029,2026-05-17,5472371029_2026-05-17
5398528750,2026-05-17,5398528750_2026-05-17
4791447253,2026-05-17,4791447253_2026-05-17
5728177917,2026-05-18,5728177917_2026-05-18
5723861475,2026-05-18,5723861475_2026-05-18
5710686417,2026-05-18,5710686417_2026-05-18
5705345960,2026-05-18,5705345960_2026-05-18
5705311422,2026-05-18,5705311422_2026-05-18
5697414865,2026-05-18,5697414865_2026-05-18
5697060529,2026-05-18,5697060529_2026-05-18
5730150641,2026-05-18,5730150641_2026-05-18
5730052565,2026-05-18,5730052565_2026-05-18
5728157665,2026-05-18,5728157665_2026-05-18
5726715462,2026-05-18,5726715462_2026-05-18
5723913187,2026-05-18,5723913187_2026-05-18
5721492972,2026-05-18,5721492972_2026-05-18
5721288319,2026-05-18,5721288319_2026-05-18
5720694426,2026-05-18,5720694426_2026-05-18
5720102378,2026-05-18,5720102378_2026-05-18
5715161255,2026-05-18,5715161255_2026-05-18
5709539041,2026-05-18,5709539041_2026-05-18
5709535015,2026-05-18,5709535015_2026-05-18
5708927300,2026-05-18,5708927300_2026-05-18
5706545739,2026-05-18,5706545739_2026-05-18
5704672881,2026-05-18,5704672881_2026-05-18
5704174529,2026-05-18,5704174529_2026-05-18
5696832011,2026-05-18,5696832011_2026-05-18
5696225474,2026-05-18,5696225474_2026-05-18
5695648930,2026-05-18,5695648930_2026-05-18
5686776247,2026-05-18,5686776247_2026-05-18
5686637983,2026-05-18,5686637983_2026-05-18
5679982560,2026-05-18,5679982560_2026-05-18
5679830754,2026-05-18,5679830754_2026-05-18
5679827095,2026-05-18,5679827095_2026-05-18
5679730638,2026-05-18,5679730638_2026-05-18
5679730624,2026-05-18,5679730624_2026-05-18
5679730627,2026-05-18,5679730627_2026-05-18
5679709482,2026-05-18,5679709482_2026-05-18
5679709490,2026-05-18,5679709490_2026-05-18
5675390745,2026-05-18,5675390745_2026-05-18
5675390760,2026-05-18,5675390760_2026-05-18
5675390707,2026-05-18,5675390707_2026-05-18
5675390720,2026-05-18,5675390720_2026-05-18
5674419695,2026-05-18,5674419695_2026-05-18
5668187068,2026-05-18,5668187068_2026-05-18
5665573200,2026-05-18,5665573200_2026-05-18
5661700267,2026-05-18,5661700267_2026-05-18
5655195272,2026-05-18,5655195272_2026-05-18
5641300567,2026-05-18,5641300567_2026-05-18
5589903901,2026-05-18,5589903901_2026-05-18
5549197295,2026-05-18,5549197295_2026-05-18
5722158076,2026-05-18,5722158076_2026-05-18
5709488016,2026-05-18,5709488016_2026-05-18
5487693705,2026-05-18,5487693705_2026-05-18
5398528750,2026-05-18,5398528750_2026-05-18
4791447253,2026-05-18,4791447253_2026-05-18
5728177917,2026-05-19,5728177917_2026-05-19
5710686417,2026-05-19,5710686417_2026-05-19
5697414865,2026-05-19,5697414865_2026-05-19
5697060529,2026-05-19,5697060529_2026-05-19
5730150641,2026-05-19,5730150641_2026-05-19
5730052565,2026-05-19,5730052565_2026-05-19
5728157665,2026-05-19,5728157665_2026-05-19
5726715462,2026-05-19,5726715462_2026-05-19
5723913187,2026-05-19,5723913187_2026-05-19
5721492972,2026-05-19,5721492972_2026-05-19
5721288319,2026-05-19,5721288319_2026-05-19
5720694426,2026-05-19,5720694426_2026-05-19
5720102378,2026-05-19,5720102378_2026-05-19
5715161255,2026-05-19,5715161255_2026-05-19
5709539041,2026-05-19,5709539041_2026-05-19
5709535015,2026-05-19,5709535015_2026-05-19
5708927300,2026-05-19,5708927300_2026-05-19
5706545739,2026-05-19,5706545739_2026-05-19
5704672881,2026-05-19,5704672881_2026-05-19
5704174529,2026-05-19,5704174529_2026-05-19
5696832011,2026-05-19,5696832011_2026-05-19
5696225474,2026-05-19,5696225474_2026-05-19
5695648930,2026-05-19,5695648930_2026-05-19
5686776247,2026-05-19,5686776247_2026-05-19
5686637983,2026-05-19,5686637983_2026-05-19
5679982560,2026-05-19,5679982560_2026-05-19
5679830754,2026-05-19,5679830754_2026-05-19
5679827095,2026-05-19,5679827095_2026-05-19
5679730638,2026-05-19,5679730638_2026-05-19
5679730627,2026-05-19,5679730627_2026-05-19
5679730624,2026-05-19,5679730624_2026-05-19
5679709490,2026-05-19,5679709490_2026-05-19
5679709482,2026-05-19,5679709482_2026-05-19
5675390720,2026-05-19,5675390720_2026-05-19
5675390760,2026-05-19,5675390760_2026-05-19
5675390745,2026-05-19,5675390745_2026-05-19
5675390707,2026-05-19,5675390707_2026-05-19
5674419695,2026-05-19,5674419695_2026-05-19
5668187068,2026-05-19,5668187068_2026-05-19
5665573200,2026-05-19,5665573200_2026-05-19
5661700267,2026-05-19,5661700267_2026-05-19
5655195272,2026-05-19,5655195272_2026-05-19
5641300567,2026-05-19,5641300567_2026-05-19
5589903901,2026-05-19,5589903901_2026-05-19
5549197295,2026-05-19,5549197295_2026-05-19
5722158076,2026-05-19,5722158076_2026-05-19
5709488016,2026-05-19,5709488016_2026-05-19
5487693705,2026-05-19,5487693705_2026-05-19
5472371029,2026-05-19,5472371029_2026-05-19
5398528750,2026-05-19,5398528750_2026-05-19
4791447253,2026-05-19,4791447253_2026-05-19
5733795601,2026-05-20,5733795601_2026-05-20
5731129326,2026-05-20,5731129326_2026-05-20
5728177917,2026-05-20,5728177917_2026-05-20
5710686417,2026-05-20,5710686417_2026-05-20
5697414865,2026-05-20,5697414865_2026-05-20
5697060529,2026-05-20,5697060529_2026-05-20
5730150641,2026-05-20,5730150641_2026-05-20
5730052565,2026-05-20,5730052565_2026-05-20
5728157665,2026-05-20,5728157665_2026-05-20
5726715462,2026-05-20,5726715462_2026-05-20
5723913187,2026-05-20,5723913187_2026-05-20
5721492972,2026-05-20,5721492972_2026-05-20
5721288319,2026-05-20,5721288319_2026-05-20
5720694426,2026-05-20,5720694426_2026-05-20
5720102378,2026-05-20,5720102378_2026-05-20
5715161255,2026-05-20,5715161255_2026-05-20
5709539041,2026-05-20,5709539041_2026-05-20
5709535015,2026-05-20,5709535015_2026-05-20
5708927300,2026-05-20,5708927300_2026-05-20
5706545739,2026-05-20,5706545739_2026-05-20
5704672881,2026-05-20,5704672881_2026-05-20
5704174529,2026-05-20,5704174529_2026-05-20
5696832011,2026-05-20,5696832011_2026-05-20
5696225474,2026-05-20,5696225474_2026-05-20
5695648930,2026-05-20,5695648930_2026-05-20
5686776247,2026-05-20,5686776247_2026-05-20
5686637983,2026-05-20,5686637983_2026-05-20
5679982560,2026-05-20,5679982560_2026-05-20
5679830754,2026-05-20,5679830754_2026-05-20
5679827095,2026-05-20,5679827095_2026-05-20
5679730638,2026-05-20,5679730638_2026-05-20
5679730627,2026-05-20,5679730627_2026-05-20
5679730624,2026-05-20,5679730624_2026-05-20
5679709490,2026-05-20,5679709490_2026-05-20
5679709482,2026-05-20,5679709482_2026-05-20
5675390720,2026-05-20,5675390720_2026-05-20
5675390760,2026-05-20,5675390760_2026-05-20
5675390745,2026-05-20,5675390745_2026-05-20
5675390707,2026-05-20,5675390707_2026-05-20
5674419695,2026-05-20,5674419695_2026-05-20
5668187068,2026-05-20,5668187068_2026-05-20
5665573200,2026-05-20,5665573200_2026-05-20
5661700267,2026-05-20,5661700267_2026-05-20
5655195272,2026-05-20,5655195272_2026-05-20
5641300567,2026-05-20,5641300567_2026-05-20
5549197295,2026-05-20,5549197295_2026-05-20
5722158076,2026-05-20,5722158076_2026-05-20
5709488016,2026-05-20,5709488016_2026-05-20
5699495694,2026-05-20,5699495694_2026-05-20
5487693705,2026-05-20,5487693705_2026-05-20
5472371029,2026-05-20,5472371029_2026-05-20
5398528750,2026-05-20,5398528750_2026-05-20
4791447253,2026-05-20,4791447253_2026-05-20
5733795601,2026-05-21,5733795601_2026-05-21
5731129326,2026-05-21,5731129326_2026-05-21
5728177917,2026-05-21,5728177917_2026-05-21
5710686417,2026-05-21,5710686417_2026-05-21
5697414865,2026-05-21,5697414865_2026-05-21
5697060529,2026-05-21,5697060529_2026-05-21
5736050477,2026-05-21,5736050477_2026-05-21
5736040853,2026-05-21,5736040853_2026-05-21
5730150641,2026-05-21,5730150641_2026-05-21
5730052565,2026-05-21,5730052565_2026-05-21
5728157665,2026-05-21,5728157665_2026-05-21
5726715462,2026-05-21,5726715462_2026-05-21
5723913187,2026-05-21,5723913187_2026-05-21
5721492972,2026-05-21,5721492972_2026-05-21
5721288319,2026-05-21,5721288319_2026-05-21
5720694426,2026-05-21,5720694426_2026-05-21
5720102378,2026-05-21,5720102378_2026-05-21
5715161255,2026-05-21,5715161255_2026-05-21
5709539041,2026-05-21,5709539041_2026-05-21
5709535015,2026-05-21,5709535015_2026-05-21
5708927300,2026-05-21,5708927300_2026-05-21
5706545739,2026-05-21,5706545739_2026-05-21
5704672881,2026-05-21,5704672881_2026-05-21
5704174529,2026-05-21,5704174529_2026-05-21
5702611996,2026-05-21,5702611996_2026-05-21
5696832011,2026-05-21,5696832011_2026-05-21
5696225768,2026-05-21,5696225768_2026-05-21
5696225474,2026-05-21,5696225474_2026-05-21
5695728338,2026-05-21,5695728338_2026-05-21
5695648930,2026-05-21,5695648930_2026-05-21
5686776247,2026-05-21,5686776247_2026-05-21
5686637983,2026-05-21,5686637983_2026-05-21
5680365738,2026-05-21,5680365738_2026-05-21
5680361858,2026-05-21,5680361858_2026-05-21
5680358111,2026-05-21,5680358111_2026-05-21
5679982560,2026-05-21,5679982560_2026-05-21
5675390720,2026-05-21,5675390720_2026-05-21
5675390760,2026-05-21,5675390760_2026-05-21
5675390745,2026-05-21,5675390745_2026-05-21
5675390707,2026-05-21,5675390707_2026-05-21
5674419695,2026-05-21,5674419695_2026-05-21
5668187068,2026-05-21,5668187068_2026-05-21
5665573200,2026-05-21,5665573200_2026-05-21
5661700267,2026-05-21,5661700267_2026-05-21
5655195272,2026-05-21,5655195272_2026-05-21
5641300567,2026-05-21,5641300567_2026-05-21
5549197295,2026-05-21,5549197295_2026-05-21
5735633967,2026-05-21,5735633967_2026-05-21
5709488016,2026-05-21,5709488016_2026-05-21
5699495694,2026-05-21,5699495694_2026-05-21
5487693705,2026-05-21,5487693705_2026-05-21
5472371029,2026-05-21,5472371029_2026-05-21
5398528750,2026-05-21,5398528750_2026-05-21
4791447253,2026-05-21,4791447253_2026-05-21
5733795601,2026-05-22,5733795601_2026-05-22
5731129326,2026-05-22,5731129326_2026-05-22
5728177917,2026-05-22,5728177917_2026-05-22
5710686417,2026-05-22,5710686417_2026-05-22
5697414865,2026-05-22,5697414865_2026-05-22
5697060529,2026-05-22,5697060529_2026-05-22
5736625041,2026-05-22,5736625041_2026-05-22
5736623874,2026-05-22,5736623874_2026-05-22
5736340374,2026-05-22,5736340374_2026-05-22
5736050477,2026-05-22,5736050477_2026-05-22
5736040853,2026-05-22,5736040853_2026-05-22
5734147270,2026-05-22,5734147270_2026-05-22
5730150641,2026-05-22,5730150641_2026-05-22
5730052565,2026-05-22,5730052565_2026-05-22
5728157665,2026-05-22,5728157665_2026-05-22
5726715462,2026-05-22,5726715462_2026-05-22
5723913187,2026-05-22,5723913187_2026-05-22
5721492972,2026-05-22,5721492972_2026-05-22
5721288319,2026-05-22,5721288319_2026-05-22
5720694426,2026-05-22,5720694426_2026-05-22
5720102378,2026-05-22,5720102378_2026-05-22
5715161255,2026-05-22,5715161255_2026-05-22
5709539041,2026-05-22,5709539041_2026-05-22
5709535015,2026-05-22,5709535015_2026-05-22
5708927300,2026-05-22,5708927300_2026-05-22
5706545739,2026-05-22,5706545739_2026-05-22
5704672881,2026-05-22,5704672881_2026-05-22
5704174529,2026-05-22,5704174529_2026-05-22
5702611996,2026-05-22,5702611996_2026-05-22
5696832011,2026-05-22,5696832011_2026-05-22
5696225768,2026-05-22,5696225768_2026-05-22
5696225474,2026-05-22,5696225474_2026-05-22
5695728338,2026-05-22,5695728338_2026-05-22
5695648930,2026-05-22,5695648930_2026-05-22
5686776247,2026-05-22,5686776247_2026-05-22
5680361858,2026-05-22,5680361858_2026-05-22
5680358111,2026-05-22,5680358111_2026-05-22
5675390720,2026-05-22,5675390720_2026-05-22
5675390760,2026-05-22,5675390760_2026-05-22
5675390745,2026-05-22,5675390745_2026-05-22
5675390707,2026-05-22,5675390707_2026-05-22
5674419695,2026-05-22,5674419695_2026-05-22
5668187068,2026-05-22,5668187068_2026-05-22
5665573200,2026-05-22,5665573200_2026-05-22
5661700267,2026-05-22,5661700267_2026-05-22
5655195272,2026-05-22,5655195272_2026-05-22
5641300567,2026-05-22,5641300567_2026-05-22
5549197295,2026-05-22,5549197295_2026-05-22
5735633967,2026-05-22,5735633967_2026-05-22
5709488016,2026-05-22,5709488016_2026-05-22
5699495694,2026-05-22,5699495694_2026-05-22
5487693705,2026-05-22,5487693705_2026-05-22
5472371029,2026-05-22,5472371029_2026-05-22
5398528750,2026-05-22,5398528750_2026-05-22
4791447253,2026-05-22,4791447253_2026-05-22
5731129326,2026-05-23,5731129326_2026-05-23
5728177917,2026-05-23,5728177917_2026-05-23
5710686417,2026-05-23,5710686417_2026-05-23
5697414865,2026-05-23,5697414865_2026-05-23
5697060529,2026-05-23,5697060529_2026-05-23
5737728821,2026-05-23,5737728821_2026-05-23
5737728808,2026-05-23,5737728808_2026-05-23
5736340374,2026-05-23,5736340374_2026-05-23
5730052565,2026-05-23,5730052565_2026-05-23
5728157665,2026-05-23,5728157665_2026-05-23
5726715462,2026-05-23,5726715462_2026-05-23
5723913187,2026-05-23,5723913187_2026-05-23
5721288319,2026-05-23,5721288319_2026-05-23
5720694426,2026-05-23,5720694426_2026-05-23
5720102378,2026-05-23,5720102378_2026-05-23
5715161255,2026-05-23,5715161255_2026-05-23
5709539041,2026-05-23,5709539041_2026-05-23
5709535015,2026-05-23,5709535015_2026-05-23
5708927300,2026-05-23,5708927300_2026-05-23
5706545739,2026-05-23,5706545739_2026-05-23
5704672881,2026-05-23,5704672881_2026-05-23
5704174529,2026-05-23,5704174529_2026-05-23
5702611996,2026-05-23,5702611996_2026-05-23
5696832011,2026-05-23,5696832011_2026-05-23
5696225474,2026-05-23,5696225474_2026-05-23
5695728338,2026-05-23,5695728338_2026-05-23
5695648930,2026-05-23,5695648930_2026-05-23
5680361858,2026-05-23,5680361858_2026-05-23
5680358111,2026-05-23,5680358111_2026-05-23
5675390720,2026-05-23,5675390720_2026-05-23
5675390760,2026-05-23,5675390760_2026-05-23
5675390745,2026-05-23,5675390745_2026-05-23
5675390707,2026-05-23,5675390707_2026-05-23
5674419695,2026-05-23,5674419695_2026-05-23
5668187068,2026-05-23,5668187068_2026-05-23
5665573200,2026-05-23,5665573200_2026-05-23
5661700267,2026-05-23,5661700267_2026-05-23
5655195272,2026-05-23,5655195272_2026-05-23
5641300567,2026-05-23,5641300567_2026-05-23
5549197295,2026-05-23,5549197295_2026-05-23
5735633967,2026-05-23,5735633967_2026-05-23
5709488016,2026-05-23,5709488016_2026-05-23
5487693705,2026-05-23,5487693705_2026-05-23
5472371029,2026-05-23,5472371029_2026-05-23
5398528750,2026-05-23,5398528750_2026-05-23
4791447253,2026-05-23,4791447253_2026-05-23
5738519036,2026-05-24,5738519036_2026-05-24
5731129326,2026-05-24,5731129326_2026-05-24
5728177917,2026-05-24,5728177917_2026-05-24
5710686417,2026-05-24,5710686417_2026-05-24
5697414865,2026-05-24,5697414865_2026-05-24
5697060529,2026-05-24,5697060529_2026-05-24
5738910161,2026-05-24,5738910161_2026-05-24
5737728821,2026-05-24,5737728821_2026-05-24
5737728808,2026-05-24,5737728808_2026-05-24
5737728233,2026-05-24,5737728233_2026-05-24
5737727779,2026-05-24,5737727779_2026-05-24
5736340374,2026-05-24,5736340374_2026-05-24
5730052565,2026-05-24,5730052565_2026-05-24
5728157665,2026-05-24,5728157665_2026-05-24
5726715462,2026-05-24,5726715462_2026-05-24
5723913187,2026-05-24,5723913187_2026-05-24
5721288319,2026-05-24,5721288319_2026-05-24
5720694426,2026-05-24,5720694426_2026-05-24
5720102378,2026-05-24,5720102378_2026-05-24
5715161255,2026-05-24,5715161255_2026-05-24
5709539041,2026-05-24,5709539041_2026-05-24
5709535015,2026-05-24,5709535015_2026-05-24
5708927300,2026-05-24,5708927300_2026-05-24
5706545739,2026-05-24,5706545739_2026-05-24
5704672881,2026-05-24,5704672881_2026-05-24
5704174529,2026-05-24,5704174529_2026-05-24
5702611996,2026-05-24,5702611996_2026-05-24
5696832011,2026-05-24,5696832011_2026-05-24
5696225474,2026-05-24,5696225474_2026-05-24
5695728338,2026-05-24,5695728338_2026-05-24
5695648930,2026-05-24,5695648930_2026-05-24
5680361858,2026-05-24,5680361858_2026-05-24
5680358111,2026-05-24,5680358111_2026-05-24
5675390720,2026-05-24,5675390720_2026-05-24
5675390760,2026-05-24,5675390760_2026-05-24
5675390745,2026-05-24,5675390745_2026-05-24
5675390707,2026-05-24,5675390707_2026-05-24
5674419695,2026-05-24,5674419695_2026-05-24
5668187068,2026-05-24,5668187068_2026-05-24
5665573200,2026-05-24,5665573200_2026-05-24
5661700267,2026-05-24,5661700267_2026-05-24
5655195272,2026-05-24,5655195272_2026-05-24
5647486628,2026-05-24,5647486628_2026-05-24
5641300567,2026-05-24,5641300567_2026-05-24
5549197295,2026-05-24,5549197295_2026-05-24
5735633967,2026-05-24,5735633967_2026-05-24
5709488016,2026-05-24,5709488016_2026-05-24
5487693705,2026-05-24,5487693705_2026-05-24
5472371029,2026-05-24,5472371029_2026-05-24
5398528750,2026-05-24,5398528750_2026-05-24
4791447253,2026-05-24,4791447253_2026-05-24
5738519036,2026-05-25,5738519036_2026-05-25
5731129326,2026-05-25,5731129326_2026-05-25
5728177917,2026-05-25,5728177917_2026-05-25
5710686417,2026-05-25,5710686417_2026-05-25
5697414865,2026-05-25,5697414865_2026-05-25
5697060529,2026-05-25,5697060529_2026-05-25
5737728821,2026-05-25,5737728821_2026-05-25
5737728808,2026-05-25,5737728808_2026-05-25
5737728233,2026-05-25,5737728233_2026-05-25
5737727779,2026-05-25,5737727779_2026-05-25
5736625041,2026-05-25,5736625041_2026-05-25
5736623874,2026-05-25,5736623874_2026-05-25
5736340374,2026-05-25,5736340374_2026-05-25
5736050477,2026-05-25,5736050477_2026-05-25
5730052565,2026-05-25,5730052565_2026-05-25
5728157665,2026-05-25,5728157665_2026-05-25
5726715462,2026-05-25,5726715462_2026-05-25
5723913187,2026-05-25,5723913187_2026-05-25
5720694426,2026-05-25,5720694426_2026-05-25
5720102378,2026-05-25,5720102378_2026-05-25
5715161255,2026-05-25,5715161255_2026-05-25
5709539041,2026-05-25,5709539041_2026-05-25
5709535015,2026-05-25,5709535015_2026-05-25
5708927300,2026-05-25,5708927300_2026-05-25
5706545739,2026-05-25,5706545739_2026-05-25
5704672881,2026-05-25,5704672881_2026-05-25
5704174529,2026-05-25,5704174529_2026-05-25
5702611996,2026-05-25,5702611996_2026-05-25
5696832011,2026-05-25,5696832011_2026-05-25
5696225474,2026-05-25,5696225474_2026-05-25
5695728338,2026-05-25,5695728338_2026-05-25
5695648930,2026-05-25,5695648930_2026-05-25
5680361858,2026-05-25,5680361858_2026-05-25
5680358111,2026-05-25,5680358111_2026-05-25
5675390720,2026-05-25,5675390720_2026-05-25
5675390760,2026-05-25,5675390760_2026-05-25
5675390745,2026-05-25,5675390745_2026-05-25
5675390707,2026-05-25,5675390707_2026-05-25
5674419695,2026-05-25,5674419695_2026-05-25
5668187068,2026-05-25,5668187068_2026-05-25
5665573200,2026-05-25,5665573200_2026-05-25
5661700267,2026-05-25,5661700267_2026-05-25
5655195272,2026-05-25,5655195272_2026-05-25
5647486628,2026-05-25,5647486628_2026-05-25
5641300567,2026-05-25,5641300567_2026-05-25
5549197295,2026-05-25,5549197295_2026-05-25
5735633967,2026-05-25,5735633967_2026-05-25
5487693705,2026-05-25,5487693705_2026-05-25
5472371029,2026-05-25,5472371029_2026-05-25
5398528750,2026-05-25,5398528750_2026-05-25
4791447253,2026-05-25,4791447253_2026-05-25
5738519036,2026-05-26,5738519036_2026-05-26
5731129326,2026-05-26,5731129326_2026-05-26
5728177917,2026-05-26,5728177917_2026-05-26
5710686417,2026-05-26,5710686417_2026-05-26
5697414865,2026-05-26,5697414865_2026-05-26
5697060529,2026-05-26,5697060529_2026-05-26
5740554963,2026-05-26,5740554963_2026-05-26
5740554970,2026-05-26,5740554970_2026-05-26
5740538420,2026-05-26,5740538420_2026-05-26
5740538360,2026-05-26,5740538360_2026-05-26
5740537773,2026-05-26,5740537773_2026-05-26
5740520373,2026-05-26,5740520373_2026-05-26
5740520337,2026-05-26,5740520337_2026-05-26
5740503050,2026-05-26,5740503050_2026-05-26
5737728821,2026-05-26,5737728821_2026-05-26
5737728808,2026-05-26,5737728808_2026-05-26
5737728233,2026-05-26,5737728233_2026-05-26
5737727779,2026-05-26,5737727779_2026-05-26
5736340374,2026-05-26,5736340374_2026-05-26
5730052565,2026-05-26,5730052565_2026-05-26
5728157665,2026-05-26,5728157665_2026-05-26
5726715462,2026-05-26,5726715462_2026-05-26
5723913187,2026-05-26,5723913187_2026-05-26
5721288319,2026-05-26,5721288319_2026-05-26
5720694426,2026-05-26,5720694426_2026-05-26
5720102378,2026-05-26,5720102378_2026-05-26
5715161255,2026-05-26,5715161255_2026-05-26
5709539041,2026-05-26,5709539041_2026-05-26
5709535015,2026-05-26,5709535015_2026-05-26
5706545739,2026-05-26,5706545739_2026-05-26
5704672881,2026-05-26,5704672881_2026-05-26
5704174529,2026-05-26,5704174529_2026-05-26
5702611996,2026-05-26,5702611996_2026-05-26
5696832011,2026-05-26,5696832011_2026-05-26
5696225474,2026-05-26,5696225474_2026-05-26
5695728338,2026-05-26,5695728338_2026-05-26
5695648930,2026-05-26,5695648930_2026-05-26
5680361858,2026-05-26,5680361858_2026-05-26
5680358111,2026-05-26,5680358111_2026-05-26
5675390720,2026-05-26,5675390720_2026-05-26
5675390760,2026-05-26,5675390760_2026-05-26
5675390745,2026-05-26,5675390745_2026-05-26
5675390707,2026-05-26,5675390707_2026-05-26
5674419695,2026-05-26,5674419695_2026-05-26
5668187068,2026-05-26,5668187068_2026-05-26
5665573200,2026-05-26,5665573200_2026-05-26
5661700267,2026-05-26,5661700267_2026-05-26
5655195272,2026-05-26,5655195272_2026-05-26
5647486628,2026-05-26,5647486628_2026-05-26
5641300567,2026-05-26,5641300567_2026-05-26
5549197295,2026-05-26,5549197295_2026-05-26
5735633967,2026-05-26,5735633967_2026-05-26
5487693705,2026-05-26,5487693705_2026-05-26
5472371029,2026-05-26,5472371029_2026-05-26
5398528750,2026-05-26,5398528750_2026-05-26
4791447253,2026-05-26,4791447253_2026-05-26
5731129326,2026-05-27,5731129326_2026-05-27
5728177917,2026-05-27,5728177917_2026-05-27
5710686417,2026-05-27,5710686417_2026-05-27
5697414865,2026-05-27,5697414865_2026-05-27
5697060529,2026-05-27,5697060529_2026-05-27
5741339528,2026-05-27,5741339528_2026-05-27
5740554970,2026-05-27,5740554970_2026-05-27
5740554963,2026-05-27,5740554963_2026-05-27
5740538420,2026-05-27,5740538420_2026-05-27
5740538360,2026-05-27,5740538360_2026-05-27
5740537773,2026-05-27,5740537773_2026-05-27
5740520373,2026-05-27,5740520373_2026-05-27
5740520337,2026-05-27,5740520337_2026-05-27
5740503050,2026-05-27,5740503050_2026-05-27
5737728821,2026-05-27,5737728821_2026-05-27
5737728808,2026-05-27,5737728808_2026-05-27
5737728233,2026-05-27,5737728233_2026-05-27
5737727779,2026-05-27,5737727779_2026-05-27
5736340374,2026-05-27,5736340374_2026-05-27
5730052565,2026-05-27,5730052565_2026-05-27
5728157665,2026-05-27,5728157665_2026-05-27
5726715462,2026-05-27,5726715462_2026-05-27
5723913187,2026-05-27,5723913187_2026-05-27
5721288319,2026-05-27,5721288319_2026-05-27
5720694426,2026-05-27,5720694426_2026-05-27
5720102378,2026-05-27,5720102378_2026-05-27
5715161255,2026-05-27,5715161255_2026-05-27
5709539041,2026-05-27,5709539041_2026-05-27
5709535015,2026-05-27,5709535015_2026-05-27
5706545739,2026-05-27,5706545739_2026-05-27
5704672881,2026-05-27,5704672881_2026-05-27
5704174529,2026-05-27,5704174529_2026-05-27
5702611996,2026-05-27,5702611996_2026-05-27
5696832011,2026-05-27,5696832011_2026-05-27
5696225474,2026-05-27,5696225474_2026-05-27
5695728338,2026-05-27,5695728338_2026-05-27
5695648930,2026-05-27,5695648930_2026-05-27
5680361858,2026-05-27,5680361858_2026-05-27
5680358111,2026-05-27,5680358111_2026-05-27
5675390720,2026-05-27,5675390720_2026-05-27
5675390760,2026-05-27,5675390760_2026-05-27
5675390745,2026-05-27,5675390745_2026-05-27
5675390707,2026-05-27,5675390707_2026-05-27
5674419695,2026-05-27,5674419695_2026-05-27
5668187068,2026-05-27,5668187068_2026-05-27
5665573200,2026-05-27,5665573200_2026-05-27
5661700267,2026-05-27,5661700267_2026-05-27
5655195272,2026-05-27,5655195272_2026-05-27
5647486628,2026-05-27,5647486628_2026-05-27
5641300567,2026-05-27,5641300567_2026-05-27
5549197295,2026-05-27,5549197295_2026-05-27
5735633967,2026-05-27,5735633967_2026-05-27
5487693705,2026-05-27,5487693705_2026-05-27
5472371029,2026-05-27,5472371029_2026-05-27
5398528750,2026-05-27,5398528750_2026-05-27
4791447253,2026-05-27,4791447253_2026-05-27
5742110756,2026-05-28,5742110756_2026-05-28
5731129326,2026-05-28,5731129326_2026-05-28
5728177917,2026-05-28,5728177917_2026-05-28
5710686417,2026-05-28,5710686417_2026-05-28
5697414865,2026-05-28,5697414865_2026-05-28
5697060529,2026-05-28,5697060529_2026-05-28
5742952443,2026-05-28,5742952443_2026-05-28
5741339528,2026-05-28,5741339528_2026-05-28
5740554970,2026-05-28,5740554970_2026-05-28
5740554963,2026-05-28,5740554963_2026-05-28
5740538420,2026-05-28,5740538420_2026-05-28
5740538360,2026-05-28,5740538360_2026-05-28
5740537773,2026-05-28,5740537773_2026-05-28
5740520373,2026-05-28,5740520373_2026-05-28
5740520337,2026-05-28,5740520337_2026-05-28
5740503050,2026-05-28,5740503050_2026-05-28
5737728808,2026-05-28,5737728808_2026-05-28
5737728233,2026-05-28,5737728233_2026-05-28
5736340374,2026-05-28,5736340374_2026-05-28
5730052565,2026-05-28,5730052565_2026-05-28
5728157665,2026-05-28,5728157665_2026-05-28
5726715462,2026-05-28,5726715462_2026-05-28
5723913187,2026-05-28,5723913187_2026-05-28
5721288319,2026-05-28,5721288319_2026-05-28
5720694426,2026-05-28,5720694426_2026-05-28
5720102378,2026-05-28,5720102378_2026-05-28
5715161255,2026-05-28,5715161255_2026-05-28
5709539041,2026-05-28,5709539041_2026-05-28
5709535015,2026-05-28,5709535015_2026-05-28
5706545739,2026-05-28,5706545739_2026-05-28
5704672881,2026-05-28,5704672881_2026-05-28
5704174529,2026-05-28,5704174529_2026-05-28
5702611996,2026-05-28,5702611996_2026-05-28
5696832011,2026-05-28,5696832011_2026-05-28
5695728338,2026-05-28,5695728338_2026-05-28
5680361858,2026-05-28,5680361858_2026-05-28
5680358111,2026-05-28,5680358111_2026-05-28
5675390720,2026-05-28,5675390720_2026-05-28
5675390760,2026-05-28,5675390760_2026-05-28
5675390745,2026-05-28,5675390745_2026-05-28
5675390707,2026-05-28,5675390707_2026-05-28
5674419695,2026-05-28,5674419695_2026-05-28
5668187068,2026-05-28,5668187068_2026-05-28
5665573200,2026-05-28,5665573200_2026-05-28
5661700267,2026-05-28,5661700267_2026-05-28
5655195272,2026-05-28,5655195272_2026-05-28
5647486628,2026-05-28,5647486628_2026-05-28
5641300567,2026-05-28,5641300567_2026-05-28
5549197295,2026-05-28,5549197295_2026-05-28
5735633967,2026-05-28,5735633967_2026-05-28
5487693705,2026-05-28,5487693705_2026-05-28
5472371029,2026-05-28,5472371029_2026-05-28
5398528750,2026-05-28,5398528750_2026-05-28
4791447253,2026-05-28,4791447253_2026-05-28
5743633024,2026-05-29,5743633024_2026-05-29
5742110756,2026-05-29,5742110756_2026-05-29
5731129326,2026-05-29,5731129326_2026-05-29
5728177917,2026-05-29,5728177917_2026-05-29
5710686417,2026-05-29,5710686417_2026-05-29
5697414865,2026-05-29,5697414865_2026-05-29
5697060529,2026-05-29,5697060529_2026-05-29
5744267844,2026-05-29,5744267844_2026-05-29
5744215805,2026-05-29,5744215805_2026-05-29
5743562339,2026-05-29,5743562339_2026-05-29
5743036701,2026-05-29,5743036701_2026-05-29
5742952443,2026-05-29,5742952443_2026-05-29
5741339528,2026-05-29,5741339528_2026-05-29
5740554963,2026-05-29,5740554963_2026-05-29
5740554970,2026-05-29,5740554970_2026-05-29
5740538420,2026-05-29,5740538420_2026-05-29
5740538360,2026-05-29,5740538360_2026-05-29
5740537773,2026-05-29,5740537773_2026-05-29
5740520373,2026-05-29,5740520373_2026-05-29
5740520337,2026-05-29,5740520337_2026-05-29
5740503050,2026-05-29,5740503050_2026-05-29
5738910161,2026-05-29,5738910161_2026-05-29
5737728808,2026-05-29,5737728808_2026-05-29
5737728233,2026-05-29,5737728233_2026-05-29
5736340374,2026-05-29,5736340374_2026-05-29
5730052565,2026-05-29,5730052565_2026-05-29
5728157665,2026-05-29,5728157665_2026-05-29
5726715462,2026-05-29,5726715462_2026-05-29
5723913187,2026-05-29,5723913187_2026-05-29
5721288319,2026-05-29,5721288319_2026-05-29
5720694426,2026-05-29,5720694426_2026-05-29
5720102378,2026-05-29,5720102378_2026-05-29
5715161255,2026-05-29,5715161255_2026-05-29
5709539041,2026-05-29,5709539041_2026-05-29
5709535015,2026-05-29,5709535015_2026-05-29
5706545739,2026-05-29,5706545739_2026-05-29
5704672881,2026-05-29,5704672881_2026-05-29
5704174529,2026-05-29,5704174529_2026-05-29
5702611996,2026-05-29,5702611996_2026-05-29
5696832011,2026-05-29,5696832011_2026-05-29
5695728338,2026-05-29,5695728338_2026-05-29
5680361858,2026-05-29,5680361858_2026-05-29
5680358111,2026-05-29,5680358111_2026-05-29
5675390720,2026-05-29,5675390720_2026-05-29
5675390760,2026-05-29,5675390760_2026-05-29
5675390745,2026-05-29,5675390745_2026-05-29
5675390707,2026-05-29,5675390707_2026-05-29
5674419695,2026-05-29,5674419695_2026-05-29
5668187068,2026-05-29,5668187068_2026-05-29
5665573200,2026-05-29,5665573200_2026-05-29
5661700267,2026-05-29,5661700267_2026-05-29
5655195272,2026-05-29,5655195272_2026-05-29
5647486628,2026-05-29,5647486628_2026-05-29
5641300567,2026-05-29,5641300567_2026-05-29
5549197295,2026-05-29,5549197295_2026-05-29
5741745171,2026-05-29,5741745171_2026-05-29
5735633967,2026-05-29,5735633967_2026-05-29
5487693705,2026-05-29,5487693705_2026-05-29
5472371029,2026-05-29,5472371029_2026-05-29
5398528750,2026-05-29,5398528750_2026-05-29
4791447253,2026-05-29,4791447253_2026-05-29
5743633024,2026-05-30,5743633024_2026-05-30
5742110756,2026-05-30,5742110756_2026-05-30
5731129326,2026-05-30,5731129326_2026-05-30
5728177917,2026-05-30,5728177917_2026-05-30
5710686417,2026-05-30,5710686417_2026-05-30
5697414865,2026-05-30,5697414865_2026-05-30
5697060529,2026-05-30,5697060529_2026-05-30
5744678834,2026-05-30,5744678834_2026-05-30
5744267844,2026-05-30,5744267844_2026-05-30
5744215805,2026-05-30,5744215805_2026-05-30
5743562339,2026-05-30,5743562339_2026-05-30
5743036701,2026-05-30,5743036701_2026-05-30
5742952443,2026-05-30,5742952443_2026-05-30
5740554963,2026-05-30,5740554963_2026-05-30
5740554970,2026-05-30,5740554970_2026-05-30
5740538420,2026-05-30,5740538420_2026-05-30
5740538360,2026-05-30,5740538360_2026-05-30
5740537773,2026-05-30,5740537773_2026-05-30
5740520373,2026-05-30,5740520373_2026-05-30
5740520337,2026-05-30,5740520337_2026-05-30
5740503050,2026-05-30,5740503050_2026-05-30
5737728808,2026-05-30,5737728808_2026-05-30
5737728233,2026-05-30,5737728233_2026-05-30
5736340374,2026-05-30,5736340374_2026-05-30
5730052565,2026-05-30,5730052565_2026-05-30
5728157665,2026-05-30,5728157665_2026-05-30
5726715462,2026-05-30,5726715462_2026-05-30
5723913187,2026-05-30,5723913187_2026-05-30
5721288319,2026-05-30,5721288319_2026-05-30
5720694426,2026-05-30,5720694426_2026-05-30
5720102378,2026-05-30,5720102378_2026-05-30
5715161255,2026-05-30,5715161255_2026-05-30
5709539041,2026-05-30,5709539041_2026-05-30
5709535015,2026-05-30,5709535015_2026-05-30
5706545739,2026-05-30,5706545739_2026-05-30
5704672881,2026-05-30,5704672881_2026-05-30
5704174529,2026-05-30,5704174529_2026-05-30
5702611996,2026-05-30,5702611996_2026-05-30
5696832011,2026-05-30,5696832011_2026-05-30
5695728338,2026-05-30,5695728338_2026-05-30
5680361858,2026-05-30,5680361858_2026-05-30
5680358111,2026-05-30,5680358111_2026-05-30
5675390720,2026-05-30,5675390720_2026-05-30
5675390760,2026-05-30,5675390760_2026-05-30
5675390745,2026-05-30,5675390745_2026-05-30
5675390707,2026-05-30,5675390707_2026-05-30
5674419695,2026-05-30,5674419695_2026-05-30
5668187068,2026-05-30,5668187068_2026-05-30
5665573200,2026-05-30,5665573200_2026-05-30
5661700267,2026-05-30,5661700267_2026-05-30
5655195272,2026-05-30,5655195272_2026-05-30
5647486628,2026-05-30,5647486628_2026-05-30
5641300567,2026-05-30,5641300567_2026-05-30
5549197295,2026-05-30,5549197295_2026-05-30
5744900081,2026-05-30,5744900081_2026-05-30
5741745171,2026-05-30,5741745171_2026-05-30
5735633967,2026-05-30,5735633967_2026-05-30
5487693705,2026-05-30,5487693705_2026-05-30
5472371029,2026-05-30,5472371029_2026-05-30
5398528750,2026-05-30,5398528750_2026-05-30
4791447253,2026-05-30,4791447253_2026-05-30
5743633024,2026-05-31,5743633024_2026-05-31
5742110756,2026-05-31,5742110756_2026-05-31
5731129326,2026-05-31,5731129326_2026-05-31
5728177917,2026-05-31,5728177917_2026-05-31
5710686417,2026-05-31,5710686417_2026-05-31
5697414865,2026-05-31,5697414865_2026-05-31
5697060529,2026-05-31,5697060529_2026-05-31
5745218975,2026-05-31,5745218975_2026-05-31
5744678834,2026-05-31,5744678834_2026-05-31
5744267844,2026-05-31,5744267844_2026-05-31
5743562339,2026-05-31,5743562339_2026-05-31
5743036701,2026-05-31,5743036701_2026-05-31
5742952443,2026-05-31,5742952443_2026-05-31
5741339528,2026-05-31,5741339528_2026-05-31
5740554963,2026-05-31,5740554963_2026-05-31
5740554970,2026-05-31,5740554970_2026-05-31
5740538420,2026-05-31,5740538420_2026-05-31
5740537773,2026-05-31,5740537773_2026-05-31
5740520373,2026-05-31,5740520373_2026-05-31
5740520337,2026-05-31,5740520337_2026-05-31
5740503050,2026-05-31,5740503050_2026-05-31
5737728808,2026-05-31,5737728808_2026-05-31
5737728233,2026-05-31,5737728233_2026-05-31
5736340374,2026-05-31,5736340374_2026-05-31
5730052565,2026-05-31,5730052565_2026-05-31
5728157665,2026-05-31,5728157665_2026-05-31
5726715462,2026-05-31,5726715462_2026-05-31
5723913187,2026-05-31,5723913187_2026-05-31
5721288319,2026-05-31,5721288319_2026-05-31
5720694426,2026-05-31,5720694426_2026-05-31
5720102378,2026-05-31,5720102378_2026-05-31
5715161255,2026-05-31,5715161255_2026-05-31
5709539041,2026-05-31,5709539041_2026-05-31
5709535015,2026-05-31,5709535015_2026-05-31
5706545739,2026-05-31,5706545739_2026-05-31
5704672881,2026-05-31,5704672881_2026-05-31
5704174529,2026-05-31,5704174529_2026-05-31
5696832011,2026-05-31,5696832011_2026-05-31
5695728338,2026-05-31,5695728338_2026-05-31
5680361858,2026-05-31,5680361858_2026-05-31
5680358111,2026-05-31,5680358111_2026-05-31
5675390720,2026-05-31,5675390720_2026-05-31
5675390760,2026-05-31,5675390760_2026-05-31
5675390745,2026-05-31,5675390745_2026-05-31
5675390707,2026-05-31,5675390707_2026-05-31
5674419695,2026-05-31,5674419695_2026-05-31
5668187068,2026-05-31,5668187068_2026-05-31
5665573200,2026-05-31,5665573200_2026-05-31
5661700267,2026-05-31,5661700267_2026-05-31
5655195272,2026-05-31,5655195272_2026-05-31
5647486628,2026-05-31,5647486628_2026-05-31
5641300567,2026-05-31,5641300567_2026-05-31
5549197295,2026-05-31,5549197295_2026-05-31
5744900081,2026-05-31,5744900081_2026-05-31
5735633967,2026-05-31,5735633967_2026-05-31
5487693705,2026-05-31,5487693705_2026-05-31
5472371029,2026-05-31,5472371029_2026-05-31
5398528750,2026-05-31,5398528750_2026-05-31
4791447253,2026-05-31,4791447253_2026-05-31
5743633024,2026-06-01,5743633024_2026-06-01
5742110756,2026-06-01,5742110756_2026-06-01
5731129326,2026-06-01,5731129326_2026-06-01
5728177917,2026-06-01,5728177917_2026-06-01
5710686417,2026-06-01,5710686417_2026-06-01
5697414865,2026-06-01,5697414865_2026-06-01
5697060529,2026-06-01,5697060529_2026-06-01
5746962435,2026-06-01,5746962435_2026-06-01
5746241861,2026-06-01,5746241861_2026-06-01
5745218975,2026-06-01,5745218975_2026-06-01
5744678834,2026-06-01,5744678834_2026-06-01
5744267844,2026-06-01,5744267844_2026-06-01
5743562339,2026-06-01,5743562339_2026-06-01
5743036701,2026-06-01,5743036701_2026-06-01
5742952443,2026-06-01,5742952443_2026-06-01
5740554970,2026-06-01,5740554970_2026-06-01
5740554963,2026-06-01,5740554963_2026-06-01
5740538420,2026-06-01,5740538420_2026-06-01
5740537773,2026-06-01,5740537773_2026-06-01
5740520373,2026-06-01,5740520373_2026-06-01
5740520337,2026-06-01,5740520337_2026-06-01
5740503050,2026-06-01,5740503050_2026-06-01
5737728808,2026-06-01,5737728808_2026-06-01
5736340374,2026-06-01,5736340374_2026-06-01
5730052565,2026-06-01,5730052565_2026-06-01
5728157665,2026-06-01,5728157665_2026-06-01
5726715462,2026-06-01,5726715462_2026-06-01
5723913187,2026-06-01,5723913187_2026-06-01
5721288319,2026-06-01,5721288319_2026-06-01
5720694426,2026-06-01,5720694426_2026-06-01
5720102378,2026-06-01,5720102378_2026-06-01
5715161255,2026-06-01,5715161255_2026-06-01
5709539041,2026-06-01,5709539041_2026-06-01
5709535015,2026-06-01,5709535015_2026-06-01
5706545739,2026-06-01,5706545739_2026-06-01
5704672881,2026-06-01,5704672881_2026-06-01
5704174529,2026-06-01,5704174529_2026-06-01
5696832011,2026-06-01,5696832011_2026-06-01
5695728338,2026-06-01,5695728338_2026-06-01
5680361858,2026-06-01,5680361858_2026-06-01
5680358111,2026-06-01,5680358111_2026-06-01
5675390720,2026-06-01,5675390720_2026-06-01
5675390760,2026-06-01,5675390760_2026-06-01
5675390745,2026-06-01,5675390745_2026-06-01
5675390707,2026-06-01,5675390707_2026-06-01
5674419695,2026-06-01,5674419695_2026-06-01
5668187068,2026-06-01,5668187068_2026-06-01
5665573200,2026-06-01,5665573200_2026-06-01
5661700267,2026-06-01,5661700267_2026-06-01
5655195272,2026-06-01,5655195272_2026-06-01
5647486628,2026-06-01,5647486628_2026-06-01
5641300567,2026-06-01,5641300567_2026-06-01
5549197295,2026-06-01,5549197295_2026-06-01
5744900081,2026-06-01,5744900081_2026-06-01
5735633967,2026-06-01,5735633967_2026-06-01
5487693705,2026-06-01,5487693705_2026-06-01
5472371029,2026-06-01,5472371029_2026-06-01
5398528750,2026-06-01,5398528750_2026-06-01
4791447253,2026-06-01,4791447253_2026-06-01
5743633024,2026-06-02,5743633024_2026-06-02
5742110756,2026-06-02,5742110756_2026-06-02
5731129326,2026-06-02,5731129326_2026-06-02
5728177917,2026-06-02,5728177917_2026-06-02
5710686417,2026-06-02,5710686417_2026-06-02
5697414865,2026-06-02,5697414865_2026-06-02
5697060529,2026-06-02,5697060529_2026-06-02
5748695411,2026-06-02,5748695411_2026-06-02
5746962435,2026-06-02,5746962435_2026-06-02
5746241861,2026-06-02,5746241861_2026-06-02
5745218975,2026-06-02,5745218975_2026-06-02
5744678834,2026-06-02,5744678834_2026-06-02
5744267844,2026-06-02,5744267844_2026-06-02
5743562339,2026-06-02,5743562339_2026-06-02
5743036701,2026-06-02,5743036701_2026-06-02
5742952443,2026-06-02,5742952443_2026-06-02
5741339528,2026-06-02,5741339528_2026-06-02
5740554963,2026-06-02,5740554963_2026-06-02
5740554970,2026-06-02,5740554970_2026-06-02
5740538420,2026-06-02,5740538420_2026-06-02
5740537773,2026-06-02,5740537773_2026-06-02
5740520373,2026-06-02,5740520373_2026-06-02
5740520337,2026-06-02,5740520337_2026-06-02
5740503050,2026-06-02,5740503050_2026-06-02
5737728808,2026-06-02,5737728808_2026-06-02
5737728233,2026-06-02,5737728233_2026-06-02
5736340374,2026-06-02,5736340374_2026-06-02
5730052565,2026-06-02,5730052565_2026-06-02
5728157665,2026-06-02,5728157665_2026-06-02
5726715462,2026-06-02,5726715462_2026-06-02
5723913187,2026-06-02,5723913187_2026-06-02
5721288319,2026-06-02,5721288319_2026-06-02
5720694426,2026-06-02,5720694426_2026-06-02
5720102378,2026-06-02,5720102378_2026-06-02
5715161255,2026-06-02,5715161255_2026-06-02
5709539041,2026-06-02,5709539041_2026-06-02
5709535015,2026-06-02,5709535015_2026-06-02
5706545739,2026-06-02,5706545739_2026-06-02
5704672881,2026-06-02,5704672881_2026-06-02
5704174529,2026-06-02,5704174529_2026-06-02
5696832011,2026-06-02,5696832011_2026-06-02
5695728338,2026-06-02,5695728338_2026-06-02
5680361858,2026-06-02,5680361858_2026-06-02
5680358111,2026-06-02,5680358111_2026-06-02
5675390720,2026-06-02,5675390720_2026-06-02
5675390760,2026-06-02,5675390760_2026-06-02
5675390745,2026-06-02,5675390745_2026-06-02
5675390707,2026-06-02,5675390707_2026-06-02
5674419695,2026-06-02,5674419695_2026-06-02
5668187068,2026-06-02,5668187068_2026-06-02
5665573200,2026-06-02,5665573200_2026-06-02
5661700267,2026-06-02,5661700267_2026-06-02
5655195272,2026-06-02,5655195272_2026-06-02
5647486628,2026-06-02,5647486628_2026-06-02
5641300567,2026-06-02,5641300567_2026-06-02
5549197295,2026-06-02,5549197295_2026-06-02
5744900081,2026-06-02,5744900081_2026-06-02
5735633967,2026-06-02,5735633967_2026-06-02
5487693705,2026-06-02,5487693705_2026-06-02
5472371029,2026-06-02,5472371029_2026-06-02
5398528750,2026-06-02,5398528750_2026-06-02
4791447253,2026-06-02,4791447253_2026-06-02
5743633024,2026-06-03,5743633024_2026-06-03
5742110756,2026-06-03,5742110756_2026-06-03
5731129326,2026-06-03,5731129326_2026-06-03
5728177917,2026-06-03,5728177917_2026-06-03
5710686417,2026-06-03,5710686417_2026-06-03
5697414865,2026-06-03,5697414865_2026-06-03
5697060529,2026-06-03,5697060529_2026-06-03
5750071716,2026-06-03,5750071716_2026-06-03
5749463403,2026-06-03,5749463403_2026-06-03
5746962435,2026-06-03,5746962435_2026-06-03
5746241861,2026-06-03,5746241861_2026-06-03
5745670303,2026-06-03,5745670303_2026-06-03
5745218975,2026-06-03,5745218975_2026-06-03
5744678834,2026-06-03,5744678834_2026-06-03
5744267844,2026-06-03,5744267844_2026-06-03
5743562339,2026-06-03,5743562339_2026-06-03
5743036701,2026-06-03,5743036701_2026-06-03
5742952443,2026-06-03,5742952443_2026-06-03
5740554970,2026-06-03,5740554970_2026-06-03
5740554963,2026-06-03,5740554963_2026-06-03
5740538420,2026-06-03,5740538420_2026-06-03
5740537773,2026-06-03,5740537773_2026-06-03
5740520373,2026-06-03,5740520373_2026-06-03
5740520337,2026-06-03,5740520337_2026-06-03
5740503050,2026-06-03,5740503050_2026-06-03
5737728808,2026-06-03,5737728808_2026-06-03
5737728233,2026-06-03,5737728233_2026-06-03
5736340374,2026-06-03,5736340374_2026-06-03
5730052565,2026-06-03,5730052565_2026-06-03
5728157665,2026-06-03,5728157665_2026-06-03
5726715462,2026-06-03,5726715462_2026-06-03
5723913187,2026-06-03,5723913187_2026-06-03
5721288319,2026-06-03,5721288319_2026-06-03
5720694426,2026-06-03,5720694426_2026-06-03
5720102378,2026-06-03,5720102378_2026-06-03
5715161255,2026-06-03,5715161255_2026-06-03
5709539041,2026-06-03,5709539041_2026-06-03
5709535015,2026-06-03,5709535015_2026-06-03
5706545739,2026-06-03,5706545739_2026-06-03
5704174529,2026-06-03,5704174529_2026-06-03
5696832011,2026-06-03,5696832011_2026-06-03
5695728338,2026-06-03,5695728338_2026-06-03
5680361858,2026-06-03,5680361858_2026-06-03
5680358111,2026-06-03,5680358111_2026-06-03
5675390720,2026-06-03,5675390720_2026-06-03
5675390760,2026-06-03,5675390760_2026-06-03
5675390745,2026-06-03,5675390745_2026-06-03
5675390707,2026-06-03,5675390707_2026-06-03
5674419695,2026-06-03,5674419695_2026-06-03
5668187068,2026-06-03,5668187068_2026-06-03
5665573200,2026-06-03,5665573200_2026-06-03
5661700267,2026-06-03,5661700267_2026-06-03
5655195272,2026-06-03,5655195272_2026-06-03
5647486628,2026-06-03,5647486628_2026-06-03
5641300567,2026-06-03,5641300567_2026-06-03
5549197295,2026-06-03,5549197295_2026-06-03
5744900081,2026-06-03,5744900081_2026-06-03
5735633967,2026-06-03,5735633967_2026-06-03
5487693705,2026-06-03,5487693705_2026-06-03
5472371029,2026-06-03,5472371029_2026-06-03
5398528750,2026-06-03,5398528750_2026-06-03
4791447253,2026-06-03,4791447253_2026-06-03
5743633024,2026-06-04,5743633024_2026-06-04
5742110756,2026-06-04,5742110756_2026-06-04
5731129326,2026-06-04,5731129326_2026-06-04
5728177917,2026-06-04,5728177917_2026-06-04
5710686417,2026-06-04,5710686417_2026-06-04
5697414865,2026-06-04,5697414865_2026-06-04
5697060529,2026-06-04,5697060529_2026-06-04
5751644915,2026-06-04,5751644915_2026-06-04
5751318463,2026-06-04,5751318463_2026-06-04
5751229388,2026-06-04,5751229388_2026-06-04
5751226037,2026-06-04,5751226037_2026-06-04
5751171444,2026-06-04,5751171444_2026-06-04
5751145806,2026-06-04,5751145806_2026-06-04
5750770204,2026-06-04,5750770204_2026-06-04
5750263878,2026-06-04,5750263878_2026-06-04
5750165999,2026-06-04,5750165999_2026-06-04
5750071716,2026-06-04,5750071716_2026-06-04
5749463403,2026-06-04,5749463403_2026-06-04
5746962435,2026-06-04,5746962435_2026-06-04
5745218975,2026-06-04,5745218975_2026-06-04
5744678834,2026-06-04,5744678834_2026-06-04
5744267844,2026-06-04,5744267844_2026-06-04
5743562339,2026-06-04,5743562339_2026-06-04
5743036701,2026-06-04,5743036701_2026-06-04
5742952443,2026-06-04,5742952443_2026-06-04
5740554970,2026-06-04,5740554970_2026-06-04
5740554963,2026-06-04,5740554963_2026-06-04
5740538420,2026-06-04,5740538420_2026-06-04
5740537773,2026-06-04,5740537773_2026-06-04
5740520373,2026-06-04,5740520373_2026-06-04
5740520337,2026-06-04,5740520337_2026-06-04
5740503050,2026-06-04,5740503050_2026-06-04
5738910161,2026-06-04,5738910161_2026-06-04
5737728808,2026-06-04,5737728808_2026-06-04
5737728233,2026-06-04,5737728233_2026-06-04
5736340374,2026-06-04,5736340374_2026-06-04
5730052565,2026-06-04,5730052565_2026-06-04
5728157665,2026-06-04,5728157665_2026-06-04
5726715462,2026-06-04,5726715462_2026-06-04
5721288319,2026-06-04,5721288319_2026-06-04
5720694426,2026-06-04,5720694426_2026-06-04
5720102378,2026-06-04,5720102378_2026-06-04
5715161255,2026-06-04,5715161255_2026-06-04
5709539041,2026-06-04,5709539041_2026-06-04
5709535015,2026-06-04,5709535015_2026-06-04
5706545739,2026-06-04,5706545739_2026-06-04
5704174529,2026-06-04,5704174529_2026-06-04
5696832011,2026-06-04,5696832011_2026-06-04
5695728338,2026-06-04,5695728338_2026-06-04
5680361858,2026-06-04,5680361858_2026-06-04
5680358111,2026-06-04,5680358111_2026-06-04
5675390720,2026-06-04,5675390720_2026-06-04
5675390760,2026-06-04,5675390760_2026-06-04
5675390745,2026-06-04,5675390745_2026-06-04
5675390707,2026-06-04,5675390707_2026-06-04
5674419695,2026-06-04,5674419695_2026-06-04
5668187068,2026-06-04,5668187068_2026-06-04
5665573200,2026-06-04,5665573200_2026-06-04
5661700267,2026-06-04,5661700267_2026-06-04
5655195272,2026-06-04,5655195272_2026-06-04
5647486628,2026-06-04,5647486628_2026-06-04
5641300567,2026-06-04,5641300567_2026-06-04
5549197295,2026-06-04,5549197295_2026-06-04
5744900081,2026-06-04,5744900081_2026-06-04
5735633967,2026-06-04,5735633967_2026-06-04
5487693705,2026-06-04,5487693705_2026-06-04
5472371029,2026-06-04,5472371029_2026-06-04
5398528750,2026-06-04,5398528750_2026-06-04
4791447253,2026-06-04,4791447253_2026-06-04
5743633024,2026-06-05,5743633024_2026-06-05
5742110756,2026-06-05,5742110756_2026-06-05
5731129326,2026-06-05,5731129326_2026-06-05
5728177917,2026-06-05,5728177917_2026-06-05
5710686417,2026-06-05,5710686417_2026-06-05
5697414865,2026-06-05,5697414865_2026-06-05
5697060529,2026-06-05,5697060529_2026-06-05
5752053508,2026-06-05,5752053508_2026-06-05
5752053127,2026-06-05,5752053127_2026-06-05
5752050798,2026-06-05,5752050798_2026-06-05
5751960403,2026-06-05,5751960403_2026-06-05
5751644915,2026-06-05,5751644915_2026-06-05
5751318463,2026-06-05,5751318463_2026-06-05
5751229388,2026-06-05,5751229388_2026-06-05
5751226037,2026-06-05,5751226037_2026-06-05
5751171444,2026-06-05,5751171444_2026-06-05
5751145806,2026-06-05,5751145806_2026-06-05
5750770204,2026-06-05,5750770204_2026-06-05
5750263878,2026-06-05,5750263878_2026-06-05
5750165999,2026-06-05,5750165999_2026-06-05
5750071716,2026-06-05,5750071716_2026-06-05
5749463403,2026-06-05,5749463403_2026-06-05
5745218975,2026-06-05,5745218975_2026-06-05
5744678834,2026-06-05,5744678834_2026-06-05
5744267844,2026-06-05,5744267844_2026-06-05
5743562339,2026-06-05,5743562339_2026-06-05
5743036701,2026-06-05,5743036701_2026-06-05
5742952443,2026-06-05,5742952443_2026-06-05
5741339528,2026-06-05,5741339528_2026-06-05
5740554970,2026-06-05,5740554970_2026-06-05
5740554963,2026-06-05,5740554963_2026-06-05
5740538420,2026-06-05,5740538420_2026-06-05
5740537773,2026-06-05,5740537773_2026-06-05
5740520373,2026-06-05,5740520373_2026-06-05
5740520337,2026-06-05,5740520337_2026-06-05
5740503050,2026-06-05,5740503050_2026-06-05
5737728808,2026-06-05,5737728808_2026-06-05
5737728233,2026-06-05,5737728233_2026-06-05
5736340374,2026-06-05,5736340374_2026-06-05
5730052565,2026-06-05,5730052565_2026-06-05
5728157665,2026-06-05,5728157665_2026-06-05
5726715462,2026-06-05,5726715462_2026-06-05
5721288319,2026-06-05,5721288319_2026-06-05
5720694426,2026-06-05,5720694426_2026-06-05
5720102378,2026-06-05,5720102378_2026-06-05
5715161255,2026-06-05,5715161255_2026-06-05
5709539041,2026-06-05,5709539041_2026-06-05
5709535015,2026-06-05,5709535015_2026-06-05
5706545739,2026-06-05,5706545739_2026-06-05
5704174529,2026-06-05,5704174529_2026-06-05
5696832011,2026-06-05,5696832011_2026-06-05
5695728338,2026-06-05,5695728338_2026-06-05
5680361858,2026-06-05,5680361858_2026-06-05
5680358111,2026-06-05,5680358111_2026-06-05
5675390720,2026-06-05,5675390720_2026-06-05
5675390760,2026-06-05,5675390760_2026-06-05
5675390745,2026-06-05,5675390745_2026-06-05
5675390707,2026-06-05,5675390707_2026-06-05
5674419695,2026-06-05,5674419695_2026-06-05
5668187068,2026-06-05,5668187068_2026-06-05
5665573200,2026-06-05,5665573200_2026-06-05
5661700267,2026-06-05,5661700267_2026-06-05
5655195272,2026-06-05,5655195272_2026-06-05
5641300567,2026-06-05,5641300567_2026-06-05
5549197295,2026-06-05,5549197295_2026-06-05
5744900081,2026-06-05,5744900081_2026-06-05
5735633967,2026-06-05,5735633967_2026-06-05
5487693705,2026-06-05,5487693705_2026-06-05
5472371029,2026-06-05,5472371029_2026-06-05
5398528750,2026-06-05,5398528750_2026-06-05
4791447253,2026-06-05,4791447253_2026-06-05
5743633024,2026-06-06,5743633024_2026-06-06
5742110756,2026-06-06,5742110756_2026-06-06
5731129326,2026-06-06,5731129326_2026-06-06
5728177917,2026-06-06,5728177917_2026-06-06
5710686417,2026-06-06,5710686417_2026-06-06
5697414865,2026-06-06,5697414865_2026-06-06
5697060529,2026-06-06,5697060529_2026-06-06
5753439601,2026-06-06,5753439601_2026-06-06
5753438920,2026-06-06,5753438920_2026-06-06
5753431021,2026-06-06,5753431021_2026-06-06
5753425721,2026-06-06,5753425721_2026-06-06
5753425577,2026-06-06,5753425577_2026-06-06
5753423662,2026-06-06,5753423662_2026-06-06
5753385344,2026-06-06,5753385344_2026-06-06
5753276487,2026-06-06,5753276487_2026-06-06
5753186485,2026-06-06,5753186485_2026-06-06
5752873741,2026-06-06,5752873741_2026-06-06
5752053508,2026-06-06,5752053508_2026-06-06
5752053127,2026-06-06,5752053127_2026-06-06
5752050798,2026-06-06,5752050798_2026-06-06
5751960403,2026-06-06,5751960403_2026-06-06
5751644915,2026-06-06,5751644915_2026-06-06
5751318463,2026-06-06,5751318463_2026-06-06
5751229388,2026-06-06,5751229388_2026-06-06
5751226037,2026-06-06,5751226037_2026-06-06
5751171444,2026-06-06,5751171444_2026-06-06
5751145806,2026-06-06,5751145806_2026-06-06
5750770204,2026-06-06,5750770204_2026-06-06
5750263878,2026-06-06,5750263878_2026-06-06
5750165999,2026-06-06,5750165999_2026-06-06
5750071716,2026-06-06,5750071716_2026-06-06
5749463403,2026-06-06,5749463403_2026-06-06
5745218975,2026-06-06,5745218975_2026-06-06
5744678834,2026-06-06,5744678834_2026-06-06
5744267844,2026-06-06,5744267844_2026-06-06
5743562339,2026-06-06,5743562339_2026-06-06
5743036701,2026-06-06,5743036701_2026-06-06
5742952443,2026-06-06,5742952443_2026-06-06
5741339528,2026-06-06,5741339528_2026-06-06
5740554970,2026-06-06,5740554970_2026-06-06
5740554963,2026-06-06,5740554963_2026-06-06
5740538420,2026-06-06,5740538420_2026-06-06
5740537773,2026-06-06,5740537773_2026-06-06
5740520373,2026-06-06,5740520373_2026-06-06
5740520337,2026-06-06,5740520337_2026-06-06
5740503050,2026-06-06,5740503050_2026-06-06
5737728808,2026-06-06,5737728808_2026-06-06
5737728233,2026-06-06,5737728233_2026-06-06
5736623874,2026-06-06,5736623874_2026-06-06
5736340374,2026-06-06,5736340374_2026-06-06
5730052565,2026-06-06,5730052565_2026-06-06
5728157665,2026-06-06,5728157665_2026-06-06
5726715462,2026-06-06,5726715462_2026-06-06
5721288319,2026-06-06,5721288319_2026-06-06
5720694426,2026-06-06,5720694426_2026-06-06
5720102378,2026-06-06,5720102378_2026-06-06
5715161255,2026-06-06,5715161255_2026-06-06
5709535015,2026-06-06,5709535015_2026-06-06
5706545739,2026-06-06,5706545739_2026-06-06
5704174529,2026-06-06,5704174529_2026-06-06
5696832011,2026-06-06,5696832011_2026-06-06
5695728338,2026-06-06,5695728338_2026-06-06
5680361858,2026-06-06,5680361858_2026-06-06
5680358111,2026-06-06,5680358111_2026-06-06
5675390720,2026-06-06,5675390720_2026-06-06
5675390760,2026-06-06,5675390760_2026-06-06
5675390745,2026-06-06,5675390745_2026-06-06
5675390707,2026-06-06,5675390707_2026-06-06
5668187068,2026-06-06,5668187068_2026-06-06
5661700267,2026-06-06,5661700267_2026-06-06
5655195272,2026-06-06,5655195272_2026-06-06
5641300567,2026-06-06,5641300567_2026-06-06
5549197295,2026-06-06,5549197295_2026-06-06
5753620631,2026-06-06,5753620631_2026-06-06
5753614601,2026-06-06,5753614601_2026-06-06
5744900081,2026-06-06,5744900081_2026-06-06
5735633967,2026-06-06,5735633967_2026-06-06
5487693705,2026-06-06,5487693705_2026-06-06
5472371029,2026-06-06,5472371029_2026-06-06
5398528750,2026-06-06,5398528750_2026-06-06
4791447253,2026-06-06,4791447253_2026-06-06
5743633024,2026-06-07,5743633024_2026-06-07
5742110756,2026-06-07,5742110756_2026-06-07
5731129326,2026-06-07,5731129326_2026-06-07
5728177917,2026-06-07,5728177917_2026-06-07
5710686417,2026-06-07,5710686417_2026-06-07
5697414865,2026-06-07,5697414865_2026-06-07
5697060529,2026-06-07,5697060529_2026-06-07
5755088439,2026-06-07,5755088439_2026-06-07
5754659419,2026-06-07,5754659419_2026-06-07
5754228157,2026-06-07,5754228157_2026-06-07
5754136281,2026-06-07,5754136281_2026-06-07
5754031618,2026-06-07,5754031618_2026-06-07
5753439601,2026-06-07,5753439601_2026-06-07
5753438920,2026-06-07,5753438920_2026-06-07
5753431021,2026-06-07,5753431021_2026-06-07
5753425721,2026-06-07,5753425721_2026-06-07
5753425577,2026-06-07,5753425577_2026-06-07
5753423662,2026-06-07,5753423662_2026-06-07
5753385344,2026-06-07,5753385344_2026-06-07
5753276487,2026-06-07,5753276487_2026-06-07
5753186485,2026-06-07,5753186485_2026-06-07
5752873741,2026-06-07,5752873741_2026-06-07
5752053508,2026-06-07,5752053508_2026-06-07
5752053127,2026-06-07,5752053127_2026-06-07
5752050798,2026-06-07,5752050798_2026-06-07
5751960403,2026-06-07,5751960403_2026-06-07
5751644915,2026-06-07,5751644915_2026-06-07
5751318463,2026-06-07,5751318463_2026-06-07
5751229388,2026-06-07,5751229388_2026-06-07
5751226037,2026-06-07,5751226037_2026-06-07
5751171444,2026-06-07,5751171444_2026-06-07
5751145806,2026-06-07,5751145806_2026-06-07
5750770204,2026-06-07,5750770204_2026-06-07
5750165999,2026-06-07,5750165999_2026-06-07
5750071716,2026-06-07,5750071716_2026-06-07
5749463403,2026-06-07,5749463403_2026-06-07
5748695411,2026-06-07,5748695411_2026-06-07
5745218975,2026-06-07,5745218975_2026-06-07
5744678834,2026-06-07,5744678834_2026-06-07
5744267844,2026-06-07,5744267844_2026-06-07
5743562339,2026-06-07,5743562339_2026-06-07
5743036701,2026-06-07,5743036701_2026-06-07
5742952443,2026-06-07,5742952443_2026-06-07
5741339528,2026-06-07,5741339528_2026-06-07
5740554963,2026-06-07,5740554963_2026-06-07
5740554970,2026-06-07,5740554970_2026-06-07
5740538420,2026-06-07,5740538420_2026-06-07
5740537773,2026-06-07,5740537773_2026-06-07
5740520373,2026-06-07,5740520373_2026-06-07
5740520337,2026-06-07,5740520337_2026-06-07
5740503050,2026-06-07,5740503050_2026-06-07
5737728808,2026-06-07,5737728808_2026-06-07
5737728233,2026-06-07,5737728233_2026-06-07
5736340374,2026-06-07,5736340374_2026-06-07
5730052565,2026-06-07,5730052565_2026-06-07
5728157665,2026-06-07,5728157665_2026-06-07
5726715462,2026-06-07,5726715462_2026-06-07
5721288319,2026-06-07,5721288319_2026-06-07
5720694426,2026-06-07,5720694426_2026-06-07
5720102378,2026-06-07,5720102378_2026-06-07
5715161255,2026-06-07,5715161255_2026-06-07
5709535015,2026-06-07,5709535015_2026-06-07
5706545739,2026-06-07,5706545739_2026-06-07
5704174529,2026-06-07,5704174529_2026-06-07
5696832011,2026-06-07,5696832011_2026-06-07
5695728338,2026-06-07,5695728338_2026-06-07
5680361858,2026-06-07,5680361858_2026-06-07
5680358111,2026-06-07,5680358111_2026-06-07
5675390720,2026-06-07,5675390720_2026-06-07
5675390760,2026-06-07,5675390760_2026-06-07
5675390745,2026-06-07,5675390745_2026-06-07
5675390707,2026-06-07,5675390707_2026-06-07
5661700267,2026-06-07,5661700267_2026-06-07
5655195272,2026-06-07,5655195272_2026-06-07
5647486628,2026-06-07,5647486628_2026-06-07
5641300567,2026-06-07,5641300567_2026-06-07
5549197295,2026-06-07,5549197295_2026-06-07
5753620631,2026-06-07,5753620631_2026-06-07
5744900081,2026-06-07,5744900081_2026-06-07
5735633967,2026-06-07,5735633967_2026-06-07
5487693705,2026-06-07,5487693705_2026-06-07
5472371029,2026-06-07,5472371029_2026-06-07
5398528750,2026-06-07,5398528750_2026-06-07
4791447253,2026-06-07,4791447253_2026-06-07
5743633024,2026-06-08,5743633024_2026-06-08
5742110756,2026-06-08,5742110756_2026-06-08
5731129326,2026-06-08,5731129326_2026-06-08
5728177917,2026-06-08,5728177917_2026-06-08
5710686417,2026-06-08,5710686417_2026-06-08
5697414865,2026-06-08,5697414865_2026-06-08
5697060529,2026-06-08,5697060529_2026-06-08
5755088439,2026-06-08,5755088439_2026-06-08
5754659419,2026-06-08,5754659419_2026-06-08
5754228157,2026-06-08,5754228157_2026-06-08
5754136281,2026-06-08,5754136281_2026-06-08
5754031618,2026-06-08,5754031618_2026-06-08
5753439601,2026-06-08,5753439601_2026-06-08
5753438920,2026-06-08,5753438920_2026-06-08
5753431021,2026-06-08,5753431021_2026-06-08
5753425721,2026-06-08,5753425721_2026-06-08
5753425577,2026-06-08,5753425577_2026-06-08
5753423662,2026-06-08,5753423662_2026-06-08
5753276487,2026-06-08,5753276487_2026-06-08
5753186485,2026-06-08,5753186485_2026-06-08
5752873741,2026-06-08,5752873741_2026-06-08
5752050798,2026-06-08,5752050798_2026-06-08
5751644915,2026-06-08,5751644915_2026-06-08
5751318463,2026-06-08,5751318463_2026-06-08
5750770204,2026-06-08,5750770204_2026-06-08
5750165999,2026-06-08,5750165999_2026-06-08
5750071716,2026-06-08,5750071716_2026-06-08
5749463403,2026-06-08,5749463403_2026-06-08
5745218975,2026-06-08,5745218975_2026-06-08
5744678834,2026-06-08,5744678834_2026-06-08
5744267844,2026-06-08,5744267844_2026-06-08
5743562339,2026-06-08,5743562339_2026-06-08
5743036701,2026-06-08,5743036701_2026-06-08
5742952443,2026-06-08,5742952443_2026-06-08
5740554963,2026-06-08,5740554963_2026-06-08
5740554970,2026-06-08,5740554970_2026-06-08
5740538420,2026-06-08,5740538420_2026-06-08
5740537773,2026-06-08,5740537773_2026-06-08
5740520373,2026-06-08,5740520373_2026-06-08
5740520337,2026-06-08,5740520337_2026-06-08
5740503050,2026-06-08,5740503050_2026-06-08
5737728808,2026-06-08,5737728808_2026-06-08
5737728233,2026-06-08,5737728233_2026-06-08
5736625041,2026-06-08,5736625041_2026-06-08
5736623874,2026-06-08,5736623874_2026-06-08
5736340374,2026-06-08,5736340374_2026-06-08
5730052565,2026-06-08,5730052565_2026-06-08
5728157665,2026-06-08,5728157665_2026-06-08
5726715462,2026-06-08,5726715462_2026-06-08
5721288319,2026-06-08,5721288319_2026-06-08
5720694426,2026-06-08,5720694426_2026-06-08
5720102378,2026-06-08,5720102378_2026-06-08
5715161255,2026-06-08,5715161255_2026-06-08
5709535015,2026-06-08,5709535015_2026-06-08
5706545739,2026-06-08,5706545739_2026-06-08
5704174529,2026-06-08,5704174529_2026-06-08
5696832011,2026-06-08,5696832011_2026-06-08
5695728338,2026-06-08,5695728338_2026-06-08
5680361858,2026-06-08,5680361858_2026-06-08
5680358111,2026-06-08,5680358111_2026-06-08
5675390720,2026-06-08,5675390720_2026-06-08
5675390760,2026-06-08,5675390760_2026-06-08
5675390745,2026-06-08,5675390745_2026-06-08
5675390707,2026-06-08,5675390707_2026-06-08
5661700267,2026-06-08,5661700267_2026-06-08
5655195272,2026-06-08,5655195272_2026-06-08
5641300567,2026-06-08,5641300567_2026-06-08
5549197295,2026-06-08,5549197295_2026-06-08
5753620631,2026-06-08,5753620631_2026-06-08
5744900081,2026-06-08,5744900081_2026-06-08
5735633967,2026-06-08,5735633967_2026-06-08
5487693705,2026-06-08,5487693705_2026-06-08
5472371029,2026-06-08,5472371029_2026-06-08
5398528750,2026-06-08,5398528750_2026-06-08
4791447253,2026-06-08,4791447253_2026-06-08
5743633024,2026-06-09,5743633024_2026-06-09
5742110756,2026-06-09,5742110756_2026-06-09
5731129326,2026-06-09,5731129326_2026-06-09
5728177917,2026-06-09,5728177917_2026-06-09
5710686417,2026-06-09,5710686417_2026-06-09
5697414865,2026-06-09,5697414865_2026-06-09
5697060529,2026-06-09,5697060529_2026-06-09
5756805085,2026-06-09,5756805085_2026-06-09
5754659419,2026-06-09,5754659419_2026-06-09
5754228157,2026-06-09,5754228157_2026-06-09
5754136281,2026-06-09,5754136281_2026-06-09
5754031618,2026-06-09,5754031618_2026-06-09
5753439601,2026-06-09,5753439601_2026-06-09
5753438920,2026-06-09,5753438920_2026-06-09
5753431021,2026-06-09,5753431021_2026-06-09
5753425721,2026-06-09,5753425721_2026-06-09
5753425577,2026-06-09,5753425577_2026-06-09
5753423662,2026-06-09,5753423662_2026-06-09
5753276487,2026-06-09,5753276487_2026-06-09
5753186485,2026-06-09,5753186485_2026-06-09
5752873741,2026-06-09,5752873741_2026-06-09
5752050798,2026-06-09,5752050798_2026-06-09
5751644915,2026-06-09,5751644915_2026-06-09
5751318463,2026-06-09,5751318463_2026-06-09
5750770204,2026-06-09,5750770204_2026-06-09
5750071716,2026-06-09,5750071716_2026-06-09
5749463403,2026-06-09,5749463403_2026-06-09
5745218975,2026-06-09,5745218975_2026-06-09
5744678834,2026-06-09,5744678834_2026-06-09
5744267844,2026-06-09,5744267844_2026-06-09
5743562339,2026-06-09,5743562339_2026-06-09
5743036701,2026-06-09,5743036701_2026-06-09
5742952443,2026-06-09,5742952443_2026-06-09
5740554970,2026-06-09,5740554970_2026-06-09
5740538420,2026-06-09,5740538420_2026-06-09
5740537773,2026-06-09,5740537773_2026-06-09
5738910161,2026-06-09,5738910161_2026-06-09
5737728808,2026-06-09,5737728808_2026-06-09
5737728233,2026-06-09,5737728233_2026-06-09
5736340374,2026-06-09,5736340374_2026-06-09
5730052565,2026-06-09,5730052565_2026-06-09
5728157665,2026-06-09,5728157665_2026-06-09
5726715462,2026-06-09,5726715462_2026-06-09
5721288319,2026-06-09,5721288319_2026-06-09
5720694426,2026-06-09,5720694426_2026-06-09
5720102378,2026-06-09,5720102378_2026-06-09
5715161255,2026-06-09,5715161255_2026-06-09
5709535015,2026-06-09,5709535015_2026-06-09
5706545739,2026-06-09,5706545739_2026-06-09
5704174529,2026-06-09,5704174529_2026-06-09
5696832011,2026-06-09,5696832011_2026-06-09
5695728338,2026-06-09,5695728338_2026-06-09
5680361858,2026-06-09,5680361858_2026-06-09
5680358111,2026-06-09,5680358111_2026-06-09
5675390720,2026-06-09,5675390720_2026-06-09
5675390760,2026-06-09,5675390760_2026-06-09
5675390745,2026-06-09,5675390745_2026-06-09
5675390707,2026-06-09,5675390707_2026-06-09
5661700267,2026-06-09,5661700267_2026-06-09
5655195272,2026-06-09,5655195272_2026-06-09
5641300567,2026-06-09,5641300567_2026-06-09
5549197295,2026-06-09,5549197295_2026-06-09
5753620631,2026-06-09,5753620631_2026-06-09
5744900081,2026-06-09,5744900081_2026-06-09
5735633967,2026-06-09,5735633967_2026-06-09
5487693705,2026-06-09,5487693705_2026-06-09
5472371029,2026-06-09,5472371029_2026-06-09
5398528750,2026-06-09,5398528750_2026-06-09
4791447253,2026-06-09,4791447253_2026-06-09
5743633024,2026-06-10,5743633024_2026-06-10
5742110756,2026-06-10,5742110756_2026-06-10
5731129326,2026-06-10,5731129326_2026-06-10
5728177917,2026-06-10,5728177917_2026-06-10
5710686417,2026-06-10,5710686417_2026-06-10
5697414865,2026-06-10,5697414865_2026-06-10
5697060529,2026-06-10,5697060529_2026-06-10
5757826066,2026-06-10,5757826066_2026-06-10
5757498418,2026-06-10,5757498418_2026-06-10
5757451225,2026-06-10,5757451225_2026-06-10
5757205465,2026-06-10,5757205465_2026-06-10
5756912166,2026-06-10,5756912166_2026-06-10
5756805085,2026-06-10,5756805085_2026-06-10
5754659419,2026-06-10,5754659419_2026-06-10
5754228157,2026-06-10,5754228157_2026-06-10
5754136281,2026-06-10,5754136281_2026-06-10
5754031618,2026-06-10,5754031618_2026-06-10
5753439601,2026-06-10,5753439601_2026-06-10
5753438920,2026-06-10,5753438920_2026-06-10
5753431021,2026-06-10,5753431021_2026-06-10
5753425721,2026-06-10,5753425721_2026-06-10
5753425577,2026-06-10,5753425577_2026-06-10
5753423662,2026-06-10,5753423662_2026-06-10
5753276487,2026-06-10,5753276487_2026-06-10
5753186485,2026-06-10,5753186485_2026-06-10
5752873741,2026-06-10,5752873741_2026-06-10
5752050798,2026-06-10,5752050798_2026-06-10
5751644915,2026-06-10,5751644915_2026-06-10
5751318463,2026-06-10,5751318463_2026-06-10
5750770204,2026-06-10,5750770204_2026-06-10
5750071716,2026-06-10,5750071716_2026-06-10
5749463403,2026-06-10,5749463403_2026-06-10
5745218975,2026-06-10,5745218975_2026-06-10
5744678834,2026-06-10,5744678834_2026-06-10
5744267844,2026-06-10,5744267844_2026-06-10
5743562339,2026-06-10,5743562339_2026-06-10
5743036701,2026-06-10,5743036701_2026-06-10
5742952443,2026-06-10,5742952443_2026-06-10
5740554970,2026-06-10,5740554970_2026-06-10
5740538420,2026-06-10,5740538420_2026-06-10
5740537773,2026-06-10,5740537773_2026-06-10
5738910161,2026-06-10,5738910161_2026-06-10
5737728808,2026-06-10,5737728808_2026-06-10
5737728233,2026-06-10,5737728233_2026-06-10
5736340374,2026-06-10,5736340374_2026-06-10
5730052565,2026-06-10,5730052565_2026-06-10
5726715462,2026-06-10,5726715462_2026-06-10
5721288319,2026-06-10,5721288319_2026-06-10
5720694426,2026-06-10,5720694426_2026-06-10
5720102378,2026-06-10,5720102378_2026-06-10
5715161255,2026-06-10,5715161255_2026-06-10
5709535015,2026-06-10,5709535015_2026-06-10
5706545739,2026-06-10,5706545739_2026-06-10
5704174529,2026-06-10,5704174529_2026-06-10
5696832011,2026-06-10,5696832011_2026-06-10
5695728338,2026-06-10,5695728338_2026-06-10
5675390720,2026-06-10,5675390720_2026-06-10
5675390760,2026-06-10,5675390760_2026-06-10
5675390745,2026-06-10,5675390745_2026-06-10
5675390707,2026-06-10,5675390707_2026-06-10
5661700267,2026-06-10,5661700267_2026-06-10
5655195272,2026-06-10,5655195272_2026-06-10
5641300567,2026-06-10,5641300567_2026-06-10
5549197295,2026-06-10,5549197295_2026-06-10
5753620631,2026-06-10,5753620631_2026-06-10
5744900081,2026-06-10,5744900081_2026-06-10
5735633967,2026-06-10,5735633967_2026-06-10
5487693705,2026-06-10,5487693705_2026-06-10
5472371029,2026-06-10,5472371029_2026-06-10
5398528750,2026-06-10,5398528750_2026-06-10
4791447253,2026-06-10,4791447253_2026-06-10
5743633024,2026-06-11,5743633024_2026-06-11
5742110756,2026-06-11,5742110756_2026-06-11
5731129326,2026-06-11,5731129326_2026-06-11
5728177917,2026-06-11,5728177917_2026-06-11
5710686417,2026-06-11,5710686417_2026-06-11
5697414865,2026-06-11,5697414865_2026-06-11
5697060529,2026-06-11,5697060529_2026-06-11
5759310339,2026-06-11,5759310339_2026-06-11
5758651804,2026-06-11,5758651804_2026-06-11
5758330604,2026-06-11,5758330604_2026-06-11
5758291983,2026-06-11,5758291983_2026-06-11
5758240639,2026-06-11,5758240639_2026-06-11
5757826066,2026-06-11,5757826066_2026-06-11
5757498418,2026-06-11,5757498418_2026-06-11
5757205465,2026-06-11,5757205465_2026-06-11
5756912166,2026-06-11,5756912166_2026-06-11
5756805085,2026-06-11,5756805085_2026-06-11
5754659419,2026-06-11,5754659419_2026-06-11
5754136281,2026-06-11,5754136281_2026-06-11
5754031618,2026-06-11,5754031618_2026-06-11
5753439601,2026-06-11,5753439601_2026-06-11
5753438920,2026-06-11,5753438920_2026-06-11
5753431021,2026-06-11,5753431021_2026-06-11
5753425721,2026-06-11,5753425721_2026-06-11
5753425577,2026-06-11,5753425577_2026-06-11
5753423662,2026-06-11,5753423662_2026-06-11
5753276487,2026-06-11,5753276487_2026-06-11
5753186485,2026-06-11,5753186485_2026-06-11
5752873741,2026-06-11,5752873741_2026-06-11
5752050798,2026-06-11,5752050798_2026-06-11
5751644915,2026-06-11,5751644915_2026-06-11
5751318463,2026-06-11,5751318463_2026-06-11
5750770204,2026-06-11,5750770204_2026-06-11
5750071716,2026-06-11,5750071716_2026-06-11
5749463403,2026-06-11,5749463403_2026-06-11
5745218975,2026-06-11,5745218975_2026-06-11
5744678834,2026-06-11,5744678834_2026-06-11
5744267844,2026-06-11,5744267844_2026-06-11
5743562339,2026-06-11,5743562339_2026-06-11
5743036701,2026-06-11,5743036701_2026-06-11
5742952443,2026-06-11,5742952443_2026-06-11
5740538420,2026-06-11,5740538420_2026-06-11
5740537773,2026-06-11,5740537773_2026-06-11
5737728808,2026-06-11,5737728808_2026-06-11
5737728233,2026-06-11,5737728233_2026-06-11
5736625041,2026-06-11,5736625041_2026-06-11
5736623874,2026-06-11,5736623874_2026-06-11
5736340374,2026-06-11,5736340374_2026-06-11
5730052565,2026-06-11,5730052565_2026-06-11
5726715462,2026-06-11,5726715462_2026-06-11
5721288319,2026-06-11,5721288319_2026-06-11
5720694426,2026-06-11,5720694426_2026-06-11
5720102378,2026-06-11,5720102378_2026-06-11
5715161255,2026-06-11,5715161255_2026-06-11
5709535015,2026-06-11,5709535015_2026-06-11
5706545739,2026-06-11,5706545739_2026-06-11
5704174529,2026-06-11,5704174529_2026-06-11
5696832011,2026-06-11,5696832011_2026-06-11
5695728338,2026-06-11,5695728338_2026-06-11
5675390720,2026-06-11,5675390720_2026-06-11
5675390760,2026-06-11,5675390760_2026-06-11
5675390745,2026-06-11,5675390745_2026-06-11
5675390707,2026-06-11,5675390707_2026-06-11
5661700267,2026-06-11,5661700267_2026-06-11
5655195272,2026-06-11,5655195272_2026-06-11
5641300567,2026-06-11,5641300567_2026-06-11
5549197295,2026-06-11,5549197295_2026-06-11
5753620631,2026-06-11,5753620631_2026-06-11
5744900081,2026-06-11,5744900081_2026-06-11
5735633967,2026-06-11,5735633967_2026-06-11
5487693705,2026-06-11,5487693705_2026-06-11
5472371029,2026-06-11,5472371029_2026-06-11
5398528750,2026-06-11,5398528750_2026-06-11
4791447253,2026-06-11,4791447253_2026-06-11
5760704458,2026-06-12,5760704458_2026-06-12
5743633024,2026-06-12,5743633024_2026-06-12
5742110756,2026-06-12,5742110756_2026-06-12
5728177917,2026-06-12,5728177917_2026-06-12
5710686417,2026-06-12,5710686417_2026-06-12
5697414865,2026-06-12,5697414865_2026-06-12
5697060529,2026-06-12,5697060529_2026-06-12
5760930217,2026-06-12,5760930217_2026-06-12
5760736050,2026-06-12,5760736050_2026-06-12
5760098107,2026-06-12,5760098107_2026-06-12
5758651804,2026-06-12,5758651804_2026-06-12
5758291983,2026-06-12,5758291983_2026-06-12
5758240639,2026-06-12,5758240639_2026-06-12
5757826066,2026-06-12,5757826066_2026-06-12
5757498418,2026-06-12,5757498418_2026-06-12
5757205465,2026-06-12,5757205465_2026-06-12
5756912166,2026-06-12,5756912166_2026-06-12
5754659419,2026-06-12,5754659419_2026-06-12
5754136281,2026-06-12,5754136281_2026-06-12
5754031618,2026-06-12,5754031618_2026-06-12
5753439601,2026-06-12,5753439601_2026-06-12
5753438920,2026-06-12,5753438920_2026-06-12
5753431021,2026-06-12,5753431021_2026-06-12
5753425721,2026-06-12,5753425721_2026-06-12
5753425577,2026-06-12,5753425577_2026-06-12
5753423662,2026-06-12,5753423662_2026-06-12
5753276487,2026-06-12,5753276487_2026-06-12
5753186485,2026-06-12,5753186485_2026-06-12
5752873741,2026-06-12,5752873741_2026-06-12
5752050798,2026-06-12,5752050798_2026-06-12
5751644915,2026-06-12,5751644915_2026-06-12
5751318463,2026-06-12,5751318463_2026-06-12
5750770204,2026-06-12,5750770204_2026-06-12
5750071716,2026-06-12,5750071716_2026-06-12
5749463403,2026-06-12,5749463403_2026-06-12
5745218975,2026-06-12,5745218975_2026-06-12
5744678834,2026-06-12,5744678834_2026-06-12
5744267844,2026-06-12,5744267844_2026-06-12
5743562339,2026-06-12,5743562339_2026-06-12
5743036701,2026-06-12,5743036701_2026-06-12
5742952443,2026-06-12,5742952443_2026-06-12
5740538420,2026-06-12,5740538420_2026-06-12
5740537773,2026-06-12,5740537773_2026-06-12
5738910161,2026-06-12,5738910161_2026-06-12
5737728808,2026-06-12,5737728808_2026-06-12
5736623874,2026-06-12,5736623874_2026-06-12
5726715462,2026-06-12,5726715462_2026-06-12
5721288319,2026-06-12,5721288319_2026-06-12
5720694426,2026-06-12,5720694426_2026-06-12
5720102378,2026-06-12,5720102378_2026-06-12
5715161255,2026-06-12,5715161255_2026-06-12
5709535015,2026-06-12,5709535015_2026-06-12
5706545739,2026-06-12,5706545739_2026-06-12
5704174529,2026-06-12,5704174529_2026-06-12
5696832011,2026-06-12,5696832011_2026-06-12
5695728338,2026-06-12,5695728338_2026-06-12
5675390720,2026-06-12,5675390720_2026-06-12
5675390760,2026-06-12,5675390760_2026-06-12
5675390745,2026-06-12,5675390745_2026-06-12
5675390707,2026-06-12,5675390707_2026-06-12
5661700267,2026-06-12,5661700267_2026-06-12
5655195272,2026-06-12,5655195272_2026-06-12
5641300567,2026-06-12,5641300567_2026-06-12
5549197295,2026-06-12,5549197295_2026-06-12
5760414295,2026-06-12,5760414295_2026-06-12
5760380207,2026-06-12,5760380207_2026-06-12
5753620631,2026-06-12,5753620631_2026-06-12
5744900081,2026-06-12,5744900081_2026-06-12
5735633967,2026-06-12,5735633967_2026-06-12
5487693705,2026-06-12,5487693705_2026-06-12
5472371029,2026-06-12,5472371029_2026-06-12
5398528750,2026-06-12,5398528750_2026-06-12
4791447253,2026-06-12,4791447253_2026-06-12
5760704458,2026-06-13,5760704458_2026-06-13
5743633024,2026-06-13,5743633024_2026-06-13
5742110756,2026-06-13,5742110756_2026-06-13
5728177917,2026-06-13,5728177917_2026-06-13
5710686417,2026-06-13,5710686417_2026-06-13
5697414865,2026-06-13,5697414865_2026-06-13
5697060529,2026-06-13,5697060529_2026-06-13
5761298176,2026-06-13,5761298176_2026-06-13
5760930217,2026-06-13,5760930217_2026-06-13
5760736050,2026-06-13,5760736050_2026-06-13
5758651804,2026-06-13,5758651804_2026-06-13
5758291983,2026-06-13,5758291983_2026-06-13
5758240639,2026-06-13,5758240639_2026-06-13
5757826066,2026-06-13,5757826066_2026-06-13
5756912166,2026-06-13,5756912166_2026-06-13
5754659419,2026-06-13,5754659419_2026-06-13
5754136281,2026-06-13,5754136281_2026-06-13
5754031618,2026-06-13,5754031618_2026-06-13
5753439601,2026-06-13,5753439601_2026-06-13
5753438920,2026-06-13,5753438920_2026-06-13
5753431021,2026-06-13,5753431021_2026-06-13
5753425721,2026-06-13,5753425721_2026-06-13
5753425577,2026-06-13,5753425577_2026-06-13
5753423662,2026-06-13,5753423662_2026-06-13
5753276487,2026-06-13,5753276487_2026-06-13
5753186485,2026-06-13,5753186485_2026-06-13
5752873741,2026-06-13,5752873741_2026-06-13
5751644915,2026-06-13,5751644915_2026-06-13
5751318463,2026-06-13,5751318463_2026-06-13
5750770204,2026-06-13,5750770204_2026-06-13
5750071716,2026-06-13,5750071716_2026-06-13
5749463403,2026-06-13,5749463403_2026-06-13
5745218975,2026-06-13,5745218975_2026-06-13
5744678834,2026-06-13,5744678834_2026-06-13
5744267844,2026-06-13,5744267844_2026-06-13
5743562339,2026-06-13,5743562339_2026-06-13
5743036701,2026-06-13,5743036701_2026-06-13
5740538420,2026-06-13,5740538420_2026-06-13
5740537773,2026-06-13,5740537773_2026-06-13
5737728808,2026-06-13,5737728808_2026-06-13
5726715462,2026-06-13,5726715462_2026-06-13
5721288319,2026-06-13,5721288319_2026-06-13
5720694426,2026-06-13,5720694426_2026-06-13
5720102378,2026-06-13,5720102378_2026-06-13
5715161255,2026-06-13,5715161255_2026-06-13
5709535015,2026-06-13,5709535015_2026-06-13
5706545739,2026-06-13,5706545739_2026-06-13
5704174529,2026-06-13,5704174529_2026-06-13
5696832011,2026-06-13,5696832011_2026-06-13
5695728338,2026-06-13,5695728338_2026-06-13
5675390720,2026-06-13,5675390720_2026-06-13
5675390760,2026-06-13,5675390760_2026-06-13
5675390745,2026-06-13,5675390745_2026-06-13
5675390707,2026-06-13,5675390707_2026-06-13
5661700267,2026-06-13,5661700267_2026-06-13
5655195272,2026-06-13,5655195272_2026-06-13
5641300567,2026-06-13,5641300567_2026-06-13
5549197295,2026-06-13,5549197295_2026-06-13
5760414295,2026-06-13,5760414295_2026-06-13
5760380207,2026-06-13,5760380207_2026-06-13
5753620631,2026-06-13,5753620631_2026-06-13
5735633967,2026-06-13,5735633967_2026-06-13
5487693705,2026-06-13,5487693705_2026-06-13
5472371029,2026-06-13,5472371029_2026-06-13
5398528750,2026-06-13,5398528750_2026-06-13
4791447253,2026-06-13,4791447253_2026-06-13
